TIME_OF_RECORDING,TILT_ANGLE,INITIAL_VELOCITY,FINAL_VELOCITY,ACCLERATION,TILT_THRESHOLD,SPEED_LIMIT,sudden_acceleration,SUDDEN_STOP,EXCESS_BIKE_TILT,RESULT,RESULT2
2017-11-18 09:00:28.687105,0.08,102,102,0,0.0007842368,1,0,0,0,1,0.25
2017-11-18 09:00:28.687105,2.08,102,102,0,0.0203901578,1,0,0,0,1,0.25
2017-11-18 09:00:28.687105,2.08,102,102,0,0.0203901578,1,0,0,0,1,0.25
2017-11-18 09:00:28.687105,1.08,102,102,0,0.0105871973,1,0,0,0,1,0.25
2017-11-18 09:00:28.687105,1.08,102,102,0,0.0105871973,1,0,0,0,1,0.25
2017-11-18 09:00:28.687105,3.08,102,102,0,0.0301931183,1,0,0,0,1,0.25
2017-11-18 09:00:28.687105,1.08,102,102,0,0.0105871973,1,0,0,0,1,0.25
2017-11-18 09:00:28.687105,6.92,102,102,0,0.0678364866,1,0,0,0,1,0.25
2017-11-18 09:00:28.687105,2.08,102,102,0,0.0203901578,1,0,0,0,1,0.25
2017-11-18 09:00:28.687105,1.08,102,102,0,0.0105871973,1,0,0,0,1,0.25
2017-11-18 09:00:28.687105,1.08,102,102,0,0.0105871973,1,0,0,0,1,0.25
2017-11-18 09:00:28.687105,2.08,102,102,0,0.0203901578,1,0,0,0,1,0.25
2017-11-18 09:00:28.687105,2.08,102,102,0,0.0203901578,1,0,0,0,1,0.25
2017-11-18 09:00:28.687105,1.08,102,102,0,0.0105871973,1,0,0,0,1,0.25
2017-11-18 09:00:28.687105,2.08,102,102,0,0.0203901578,1,0,0,0,1,0.25
2017-11-18 09:00:28.687105,2.08,102,102,0,0.0203901578,1,0,0,0,1,0.25
2017-11-18 09:00:28.687105,2.08,102,102,0,0.0203901578,1,0,0,0,1,0.25
2017-11-18 09:00:28.687105,1.08,102,102,0,0.0105871973,1,0,0,0,1,0.25
2017-11-18 09:00:28.687105,1.08,102,102,0,0.0105871973,1,0,0,0,1,0.25
2017-11-18 09:00:28.687105,1.08,102,102,0,0.0105871973,1,0,0,0,1,0.25
2017-11-18 09:00:28.687105,2.08,102,102,0,0.0203901578,1,0,0,0,1,0.25
2017-11-18 09:00:28.687105,2.08,102,102,0,0.0203901578,1,0,0,0,1,0.25
2017-11-18 09:00:28.687105,34.92,102,102,0,0.3423193805,1,0,0,0,1,0.25
2017-11-18 09:00:28.687105,1.08,102,102,0,0.0105871973,1,0,0,0,1,0.25
2017-11-18 09:00:28.687105,1.08,102,102,0,0.0105871973,1,0,0,0,1,0.25
2017-11-18 09:00:28.687105,1.08,102,102,0,0.0105871973,1,0,0,0,1,0.25
2017-11-18 09:00:28.687105,1.08,102,102,0,0.0105871973,1,0,0,0,1,0.25
2017-11-18 09:00:28.687105,1.08,102,102,0,0.0105871973,1,0,0,0,1,0.25
2017-11-18 09:00:28.687105,2.08,102,102,0,0.0203901578,1,0,0,0,1,0.25
2017-11-18 09:00:28.687105,0.08,102,102,0,0.0007842368,1,0,0,0,1,0.25
2017-11-18 09:00:28.687105,1.08,102,102,0,0.0105871973,1,0,0,0,1,0.25
2017-11-18 09:00:28.687105,1.08,102,102,0,0.0105871973,1,0,0,0,1,0.25
2017-11-18 09:00:28.687105,1.08,102,102,0,0.0105871973,1,0,0,0,1,0.25
2017-11-18 09:00:28.687105,1.08,69,69,0,0.0156499058,0,0,0,0,0,0
2017-11-18 09:00:28.687105,1.08,57,55,-1.5,0.0189440449,0,0,0,0,0,0
2017-11-18 09:00:28.687105,1.08,58,71,9.75,0.0186174797,0,0,0,0,0,0
2017-11-18 09:00:28.687105,0.92,58,58,0,0.0158593346,0,0,0,0,0,0
2017-11-18 09:00:28.687105,1.08,58,64,4.5,0.0186174797,0,0,0,0,0,0
2017-11-18 09:00:28.687105,1.08,63,63,0,0.0171401365,0,0,0,0,0,0
2017-11-18 09:00:28.687105,1.08,63,61,-1.5,0.0171401365,0,0,0,0,0,0
2017-11-18 09:00:28.687105,1.08,58,58,0,0.0186174797,0,0,0,0,0,0
2017-11-18 09:00:28.687105,5.08,58,58,0,0.0875711084,0,0,0,0,0,0
2017-11-18 09:00:28.687105,6.92,58,66,6,0.1192897776,0,0,0,0,0,0
2017-11-18 09:00:28.687105,4.08,72,72,0,0.0566587974,1,0,0,0,1,0.25
2017-11-18 09:00:28.687105,16.08,72,60,-9,0.2233023191,1,0,0,0,1,0.25
2017-11-18 09:00:28.687105,0.08,76,90,10.5,0.0010524931,1,0,0,0,1,0.25
2017-11-18 09:00:28.687105,2.08,65,50,-11.25,0.0319950777,0,0,0,0,0,0
2017-11-18 09:00:28.687105,1.08,47,47,0,0.0229738354,0,0,0,0,0,0
2017-11-18 09:00:28.687105,2.08,45,44,-0.75,0.0462119529,0,0,0,0,0,0
2017-11-18 09:00:28.687105,2.08,39,36,-2.25,0.0533196616,0,0,0,0,0,0
2017-11-18 09:00:28.687105,77.08,35,35,0,2.2016566695,0,0,0,1,1,0.25
2017-11-18 09:00:28.687105,70.08,35,35,0,2.0017137961,0,0,0,1,1,0.25
2017-11-18 09:00:28.687105,1.08,35,35,0,0.030848329,0,0,0,0,0,0
2017-11-18 09:00:28.687105,3.08,35,40,3.75,0.0879748643,0,0,0,0,0,0
2017-11-18 09:00:28.687105,2.08,50,55,3.75,0.0415916817,0,0,0,0,0,0
2017-11-18 09:00:28.687105,1.08,70,80,7.5,0.0154263677,0,0,0,0,0,0
2017-11-18 09:00:28.687105,0.08,92,48,-33,0.0008694707,1,0,0,0,1,0.25
2017-11-18 09:00:28.687105,1.08,30,31,0.75,0.035988004,0,0,0,0,0,0
2017-11-18 09:00:28.687105,2.08,26,17,-6.75,0.0799692426,0,0,0,0,0,0
2017-11-18 09:00:28.687105,2.08,9,9,0,0.230854606,0,0,0,0,0,0
2017-11-18 09:00:28.687105,70.08,8,9,0.75,8.7490636704,0,0,0,1,1,0.25
2017-11-18 09:00:28.687105,50.08,9,9,0,5.5582685905,0,0,0,1,1,0.25
2017-11-18 09:00:28.687105,19.92,9,9,0,2.2108768036,0,0,0,1,1,0.25
2017-11-18 09:00:28.687105,33.92,9,9,0,3.7647058824,0,0,0,1,1,0.25
2017-11-18 09:00:28.687105,46.92,9,9,0,5.2075471698,0,0,0,1,1,0.25
2017-11-18 09:00:28.687105,51.92,9,9,0,5.7624861265,0,0,0,1,1,0.25
2017-11-18 09:00:28.687105,54.92,9,9,0,6.0954495006,0,0,0,1,1,0.25
2017-11-18 09:00:28.687105,53.92,23,28,3.75,2.3433289874,0,0,0,1,1,0.25
2017-11-18 09:00:28.687105,53.92,43,46,2.25,1.2536619391,0,0,0,0,0,0
2017-11-18 09:00:28.687105,47.92,46,46,0,1.0415127146,0,0,0,0,0,0
2017-11-18 09:00:28.687105,23.08,46,46,0,0.5016300804,0,0,0,0,0,0
2017-11-18 09:00:28.687105,2.08,46,46,0,0.0452075636,0,0,0,0,0,0
2017-11-18 09:00:28.687105,2.08,45,42,-2.25,0.0462119529,0,0,0,0,0,0
2017-11-18 09:00:28.687105,2.08,34,34,0,0.0611584828,0,0,0,0,0,0
2017-11-18 09:00:28.687105,2.08,34,34,0,0.0611584828,0,0,0,0,0,0
2017-11-18 09:00:28.687105,2.08,33,33,0,0.0630112087,0,0,0,0,0,0
2017-11-18 09:00:28.687105,2.08,33,33,0,0.0630112087,0,0,0,0,0,0
2017-11-18 09:00:28.687105,2.08,30,25,-3.75,0.0693102299,0,0,0,0,0,0
2017-11-18 09:00:28.687105,2.08,25,25,0,0.0831667333,0,0,0,0,0,0
2017-11-18 09:00:28.687105,2.08,25,25,0,0.0831667333,0,0,0,0,0,0
2017-11-18 09:00:28.687105,27.08,39,73,25.5,0.6941809792,0,0,0,0,0,0
2017-11-18 09:00:28.687105,36.92,76,64,-9,0.4857255624,1,0,0,0,1,0.25
2017-11-18 09:00:28.687105,2.08,51,51,0,0.0407763184,0,0,0,0,0,0
2017-11-18 09:00:28.687105,3.08,50,50,0,0.0615876825,0,0,0,0,0,0
2017-11-18 09:00:28.687105,46.08,50,50,0,0.9214157169,0,0,0,0,0,0
2017-11-18 09:00:28.687105,2.08,49,49,0,0.0424403183,0,0,0,0,0,0
2017-11-18 09:00:28.687105,2.08,45,44,-0.75,0.0462119529,0,0,0,0,0,0
2017-11-18 09:00:28.687105,2.08,47,47,0,0.0442459051,0,0,0,0,0,0
2017-11-18 09:00:28.687105,2.08,46,44,-1.5,0.0452075636,0,0,0,0,0,0
2017-11-18 09:00:28.687105,0.08,39,39,0,0.0020507562,0,0,0,0,0,0
2017-11-18 09:00:28.687105,2.08,39,34,-3.75,0.0533196616,0,0,0,0,0,0
2017-11-18 09:00:28.687105,1.08,34,34,0,0.0317553661,0,0,0,0,0,0
2017-11-18 09:00:28.687105,2.08,26,18,-6,0.0799692426,0,0,0,0,0,0
2017-11-18 09:00:28.687105,2.08,19,25,4.5,0.1094160968,0,0,0,0,0,0
2017-11-18 09:00:28.687105,2.08,27,26,-0.75,0.0770085154,0,0,0,0,0,0
2017-11-18 09:00:28.687105,2.08,23,23,0,0.0903954802,0,0,0,0,0,0
2017-11-18 09:00:28.687105,2.08,30,31,0.75,0.0693102299,0,0,0,0,0,0
2017-11-18 09:00:28.687105,2.08,32,53,15.75,0.0649796938,0,0,0,0,0,0
2017-11-18 09:00:28.687105,2.08,67,67,0,0.0310401433,0,0,0,0,0,0
2017-11-18 09:00:28.687105,40.08,67,67,0,0.5981196836,0,0,0,0,0,0
2017-11-18 09:00:28.687105,50.08,67,67,0,0.7473511416,0,0,0,0,0,0
2017-11-18 09:00:28.687105,30.08,67,42,-18.75,0.4488882256,0,0,0,0,0,0
2017-11-18 09:00:28.687105,54.92,32,10,-16.5,1.7157138394,0,0,0,0,0,0
2017-11-18 09:00:28.687105,16.92,60,83,17.25,0.2819530078,0,0,0,0,0,0
2017-11-18 09:00:28.687105,64.08,82,89,5.25,0.7813681258,1,0,0,0,1,0.25
2017-11-18 09:00:28.687105,22.08,102,51,-38.25,0.2164493677,1,0,0,0,1,0.25
2017-11-18 09:00:28.687105,52.92,42,0,-31.5,1.2597000714,0,0,1,0,1,0.25
2017-11-18 09:00:28.687105,38.92,0,0,0,3892,0,0,1,1,1,0.5
2017-11-18 09:00:28.687105,40.08,102,102,0,0.3929026566,1,0,0,0,1,0.25
2017-11-18 09:00:28.687105,18.08,93,30,-47.25,0.1943877002,1,0,0,0,1,0.25
2017-11-18 09:00:28.687105,33.92,14,28,10.5,2.4211277659,0,0,0,1,1,0.25
2017-11-18 09:00:28.687105,1.08,58,56,-1.5,0.0186174797,0,0,0,0,0,0
2017-11-18 09:00:28.687105,7.08,16,15,-0.75,0.4422236102,0,0,0,0,0,0
2017-11-18 09:00:28.687105,1.08,15,3,-9,0.071952032,0,0,0,0,0,0
2017-11-18 09:00:28.687105,2.08,64,17,-35.25,0.0324949227,0,0,0,0,0,0
2017-11-18 09:00:28.687105,65.08,0,0,0,6508,0,0,1,1,1,0.5
2017-11-18 09:00:28.687105,1.08,102,102,0,0.0105871973,1,0,0,0,0,0.25
2017-11-18 09:00:28.687105,1.08,89,72,-12.75,0.0121334681,1,0,0,0,0,0.25
2017-11-18 09:00:28.687105,0.92,72,62,-7.5,0.0127760033,1,0,0,0,0,0.25
2017-11-18 09:00:28.687105,2.08,59,54,-3.75,0.035248263,0,0,0,0,0,0
2017-11-18 09:00:28.687105,2.08,51,51,0,0.0407763184,0,0,0,0,0,0
2017-11-18 09:00:28.687105,2.08,40,0,-30,0.0519870032,0,0,1,0,1,0.25
2017-11-18 09:00:28.687105,2.08,0,0,0,208,0,0,1,1,1,0.5
2017-11-18 09:00:28.687105,1.08,17,18,0.75,0.0634920635,0,0,0,0,0,0
2017-11-18 09:00:28.687105,1.08,31,34,2.25,0.034827475,0,0,0,0,0,0
2017-11-18 09:00:28.687105,1.08,45,51,4.5,0.0239946679,0,0,0,0,0,0
2017-11-18 09:00:28.687105,54.08,52,52,0,1.0398000385,0,0,0,0,0,0
2017-11-18 09:00:28.687105,66.08,52,52,0,1.2705248991,0,0,0,0,0,0
2017-11-18 09:00:28.687105,58.08,52,52,0,1.1167083253,0,0,0,0,0,0
2017-11-18 09:00:28.687105,52.08,52,52,0,1.001345895,0,0,0,0,0,0
2017-11-18 09:00:28.687105,19.08,52,52,0,0.3668525284,0,0,0,0,0,0
2017-11-18 09:00:28.687105,23.92,52,52,0,0.4599115555,0,0,0,0,0,0
2017-11-18 09:00:28.687105,58.92,52,43,-6.75,1.1328590656,0,0,0,0,0,0
2017-11-18 09:00:28.687105,60.92,19,7,-9,3.2046291426,0,0,1,1,1,0.5
2017-11-18 09:00:28.687105,28.92,0,0,0,2892,0,0,1,1,1,0.5
2017-11-18 09:00:28.687105,4.08,0,2,1.5,408,0,1,0,1,1,0.5
2017-11-18 09:00:28.687105,11.92,18,27,6.75,0.6618545253,0,0,0,0,0,0
2017-11-18 09:00:28.687105,44.92,46,56,7.5,0.9763094979,0,0,0,0,0,0
2017-11-18 09:00:28.687105,47.92,54,44,-7.5,0.8872431031,0,0,0,0,0,0
2017-11-18 09:00:28.687105,36.92,27,7,-15,1.3669011477,0,0,0,0,0,0
2017-11-18 09:00:28.687105,2.08,0,0,0,208,0,0,1,1,1,0.5
2017-11-18 09:00:28.687105,1.08,0,7,5.25,108,0,1,0,1,1,0.5
2017-11-18 09:00:28.687105,2.08,18,24,4.5,0.1154913937,0,0,0,0,0,0
2017-11-18 09:00:28.687105,1.08,36,36,0,0.029991669,0,0,0,0,0,0
2017-11-18 09:00:28.687105,1.08,48,48,0,0.0224953135,0,0,0,0,0,0
2017-11-18 09:00:28.687105,1.08,48,51,2.25,0.0224953135,0,0,0,0,0,0
2017-11-18 09:00:28.687105,1.08,51,51,0,0.0211723192,0,0,0,0,0,0
2017-11-18 09:00:28.687105,1.08,51,51,0,0.0211723192,0,0,0,0,0,0
2017-11-18 09:00:28.687105,1.08,58,59,0.75,0.0186174797,0,0,0,0,0,0
2017-11-18 09:00:28.687105,1.08,59,60,0.75,0.0183019827,0,0,0,0,0,0
2017-11-18 09:00:28.687105,1.08,65,65,0,0.0166128288,0,0,0,0,0,0
2017-11-18 09:00:28.687105,2.08,66,66,0,0.0315103772,0,0,0,0,0,0
2017-11-18 09:00:28.687105,3.08,65,66,0.75,0.0473773266,0,0,0,0,0,0
2017-11-18 09:00:28.687105,7.92,66,66,0,0.1199818209,0,0,0,0,0,0
2017-11-18 09:00:28.687105,1.08,66,66,0,0.0163611574,0,0,0,0,0,0
2017-11-18 09:00:28.687105,1.08,66,68,1.5,0.0163611574,0,0,0,0,0,0
2017-11-18 09:00:28.687105,1.08,77,79,1.5,0.0140241527,1,0,0,0,1,0.25
2017-11-18 09:00:28.687105,1.08,79,76,-2.25,0.0136691558,1,0,0,0,1,0.25
2017-11-18 09:00:28.687105,1.08,53,53,0,0.0203735144,0,0,0,0,0,0
2017-11-18 09:00:28.687105,1.08,61,75,10.5,0.0177020161,0,0,0,0,0,0
2017-11-18 09:00:28.687105,1.08,80,80,0,0.0134983127,1,0,0,0,1,0.25
2017-11-18 09:00:28.687105,0.08,83,83,0,0.0009637393,1,0,0,0,1,0.25
2017-11-18 09:00:28.687105,1.08,83,83,0,0.0130104807,1,0,0,0,1,0.25
2017-11-18 09:00:28.687105,1.08,83,83,0,0.0130104807,1,0,0,0,1,0.25
2017-11-18 09:00:28.687105,1.08,83,85,1.5,0.0130104807,1,0,0,0,1,0.25
2017-11-18 09:00:28.687105,1.08,102,102,0,0.0105871973,1,0,0,0,1,0.25
2017-11-18 09:00:28.687105,12.08,102,102,0,0.1184197628,1,0,0,0,1,0.25
2017-11-18 09:00:28.687105,65.08,102,102,0,0.637976669,1,0,0,0,1,0.25
2017-11-18 09:00:28.687105,67.08,102,102,0,0.6575825899,1,0,0,0,1,0.25
2017-11-18 09:00:28.687105,32.08,102,102,0,0.3144789726,1,0,0,0,1,0.25
2017-11-18 09:00:28.687105,1.08,102,102,0,0.0105871973,1,0,0,0,1,0.25
2017-11-18 09:00:28.687105,0.92,102,102,0,0.0090187237,1,0,0,0,1,0.25
2017-11-18 09:00:28.687105,1.08,102,102,0,0.0105871973,1,0,0,0,1,0.25
2017-11-18 09:00:28.687105,0.08,102,102,0,0.0007842368,1,0,0,0,1,0.25
2017-11-18 09:00:28.687105,1.08,102,76,-19.5,0.0105871973,1,0,0,0,1,0.25
2017-11-18 09:00:28.687105,1.08,52,52,0,0.0207652375,0,0,0,0,0,0
2017-11-18 09:00:28.687105,1.08,52,50,-1.5,0.0207652375,0,0,0,0,0,0
2017-11-18 09:00:28.687105,3.92,44,44,0,0.0890706658,0,0,0,0,0,0
2017-11-18 09:00:28.687105,0.08,37,36,-0.75,0.002161578,0,0,0,0,0,0
2017-11-18 09:00:28.687105,0.92,36,32,-3,0.0255484588,0,0,0,0,0,0
2017-11-18 09:00:28.687105,2.08,32,32,0,0.0649796938,0,0,0,0,0,0
2017-11-18 09:00:28.687105,1.08,34,40,4.5,0.0317553661,0,0,0,0,0,0
2017-11-18 09:00:28.687105,1.08,42,42,0,0.0257081647,0,0,0,0,0,0
2017-11-18 09:00:28.687105,1.08,42,42,0,0.0257081647,0,0,0,0,0,0
2017-11-18 09:00:28.687105,18.92,42,42,0,0.4503689598,0,0,0,0,0,0
2017-11-18 09:00:28.687105,52.92,42,42,0,1.2597000714,0,0,0,0,0,0
2017-11-18 09:00:28.687105,49.92,42,42,0,1.1882885027,0,0,0,0,0,0
2017-11-18 09:00:28.687105,41.92,42,42,0,0.9978576529,0,0,0,0,0,0
2017-11-18 09:00:28.687105,33.92,42,42,0,0.8074268031,0,0,0,0,0,0
2017-11-18 09:00:28.687105,1.08,38,34,-3,0.0284135754,0,0,0,0,0,0
2017-11-18 09:00:28.687105,1.08,34,34,0,0.0317553661,0,0,0,0,0,0
2017-11-18 09:00:28.687105,1.08,34,34,0,0.0317553661,0,0,0,0,0,0
2017-11-18 09:00:28.687105,1.08,36,41,3.75,0.029991669,0,0,0,0,0,0
2017-11-18 09:00:28.687105,1.08,41,41,0,0.0263350402,0,0,0,0,0,0
2017-11-18 09:00:28.687105,53.92,41,41,0,1.314801268,0,0,0,0,0,0
2017-11-18 09:00:28.687105,2.92,41,41,0,0.0712021458,0,0,0,0,0,0
2017-11-18 09:00:28.687105,35.08,35,30,-3.75,1.0019994287,0,0,0,0,0,0
2017-11-18 09:00:28.687105,47.08,29,29,0,1.6228886591,0,0,0,0,0,0
2017-11-18 09:00:28.687105,2.08,38,43,3.75,0.0547224415,0,0,0,0,0,0
2017-11-18 09:00:28.687105,1.08,44,44,0,0.0245398773,0,0,0,0,0,0
2017-11-18 09:00:28.687105,7.92,46,47,0.75,0.1721364921,0,0,0,0,0,0
2017-11-18 09:00:28.687105,6.92,47,47,0,0.1472027228,0,0,0,0,0,0
2017-11-18 09:00:28.687105,5.92,52,65,9.75,0.1138242646,0,0,0,0,0,0
2017-11-18 09:00:28.687105,61.92,102,102,0,0.6069993138,1,0,0,0,1,0.25
2017-11-18 09:00:28.687105,19.92,67,67,0,0.2972690643,0,0,0,0,0,0
2017-11-18 09:00:28.687105,1.08,67,67,0,0.0161169975,0,0,0,0,0,0
2017-11-18 09:00:28.687105,1.08,59,59,0,0.0183019827,0,0,0,0,0,0
2017-11-18 09:00:28.687105,1.08,59,58,-0.75,0.0183019827,0,0,0,0,0,0
2017-11-18 09:00:28.687105,1.08,54,54,0,0.019996297,0,0,0,0,0,0
2017-11-18 09:00:28.687105,38.08,54,54,0,0.7050546195,0,0,0,0,0,0
2017-11-18 09:00:28.687105,45.08,54,54,0,0.8346602481,0,0,0,0,0,0
2017-11-18 09:00:28.687105,34.08,54,54,0,0.6309942603,0,0,0,0,0,0
2017-11-18 09:00:28.687105,1.08,54,54,0,0.019996297,0,0,0,0,0,0
2017-11-18 09:00:28.687105,2.08,54,53,-0.75,0.0385113868,0,0,0,0,0,0
2017-11-18 09:00:28.687105,2.08,51,51,0,0.0407763184,0,0,0,0,0,0
2017-11-18 09:00:28.687105,13.08,51,51,0,0.2564203097,0,0,0,0,0,0
2017-11-18 09:00:28.687105,50.08,53,57,3,0.9447274099,0,0,0,0,0,0
2017-11-18 09:00:28.687105,29.08,57,54,-2.25,0.5100859498,0,0,0,0,0,0
2017-11-18 09:00:28.687105,2.08,51,51,0,0.0407763184,0,0,0,0,0,0
2017-11-18 09:00:28.687105,2.08,51,51,0,0.0407763184,0,0,0,0,0,0
2017-11-18 09:00:28.687105,33.08,51,51,0,0.6485002941,0,0,0,0,0,0
2017-11-18 09:00:28.687105,45.08,51,51,0,0.8837482847,0,0,0,0,0,0
2017-11-18 09:00:28.687105,40.08,51,48,-2.25,0.7857282886,0,0,0,0,0,0
2017-11-18 09:00:28.687105,2.08,47,47,0,0.0442459051,0,0,0,0,0,0
2017-11-18 09:00:28.687105,1.08,49,60,8.25,0.0220363191,0,0,0,0,0,0
2017-11-18 09:00:28.687105,22.92,69,71,1.5,0.3321257789,0,0,0,0,0,0
2017-11-18 09:00:28.687105,36.92,73,76,2.25,0.5056841529,1,0,0,0,1,0.25
2017-11-18 09:00:28.687105,38.92,76,76,0,0.5120378898,1,0,0,0,1,0.25
2017-11-18 09:00:28.687105,16.92,60,60,0,0.2819530078,0,0,0,0,0,0
2017-11-18 09:00:28.687105,1.08,60,59,-0.75,0.0179970005,0,0,0,0,0,0
2017-11-18 09:00:28.687105,1.08,58,57,-0.75,0.0186174797,0,0,0,0,0,0
2017-11-18 09:00:28.687105,18.08,54,47,-5.25,0.3347528236,0,0,0,0,0,0
2017-11-18 09:00:28.687105,51.08,44,44,0,1.1606453079,0,0,0,0,0,0
2017-11-18 09:00:28.687105,46.08,44,44,0,1.0470347648,0,0,0,0,0,0
2017-11-18 09:00:28.687105,3.08,59,60,0.75,0.0521945433,0,0,0,0,0,0
2017-11-18 09:00:28.687105,1.08,60,60,0,0.0179970005,0,0,0,0,0,0
2017-11-18 09:00:28.687105,46.92,102,102,0,0.4599549064,1,0,0,0,0,0.25
2017-11-18 09:00:28.687105,42.92,102,86,-12,0.4207430644,1,0,0,0,0,0.25
2017-11-18 09:00:28.687105,34.92,62,62,0,0.5631349782,0,0,0,0,0,0
2017-11-18 09:00:28.687105,16.92,60,54,-4.5,0.2819530078,0,0,0,0,0,0
2017-11-18 09:00:28.687105,1.92,48,47,-0.75,0.0399916684,0,0,0,0,0,0
2017-11-18 09:00:28.687105,1.08,47,47,0,0.0229738354,0,0,0,0,0,0
2017-11-18 09:00:28.687105,13.92,47,47,0,0.2961072112,0,0,0,0,0,0
2017-11-18 09:00:28.687105,12.92,47,47,0,0.2748351415,0,0,0,0,0,0
2017-11-18 09:00:28.687105,10.92,45,45,0,0.2426127527,0,0,0,0,0,0
2017-11-18 09:00:28.687105,4.08,45,45,0,0.090646523,0,0,0,0,0,0
2017-11-18 09:00:28.687105,2.08,45,45,0,0.0462119529,0,0,0,0,0,0
2017-11-18 09:00:28.687105,1.08,37,35,-1.5,0.0291813024,0,0,0,0,0,0
2017-11-18 09:00:28.687105,27.08,35,35,0,0.7734932876,0,0,0,0,0,0
2017-11-18 09:00:28.687105,57.08,35,35,0,1.6303913168,0,0,0,0,0,0
2017-11-18 09:00:28.687105,1.08,35,39,3,0.030848329,0,0,0,0,0,0
2017-11-18 09:00:28.687105,2.08,57,59,1.5,0.0364848272,0,0,0,0,0,0
2017-11-18 09:00:28.687105,1.92,0,0,0,192,0,0,1,1,1,0.5
2017-11-18 09:00:28.687105,2.08,0,0,0,208,0,0,1,1,1,0.5
2017-11-18 09:00:28.687105,2.08,18,48,22.5,0.1154913937,0,0,0,0,0,0
2017-11-18 09:00:28.687105,62.92,49,50,0.75,1.2838196286,0,0,0,0,0,0
2017-11-18 09:00:28.687105,17.92,40,32,-6,0.447888028,0,0,0,0,0,0
2017-11-18 09:00:28.687105,57.08,0,0,0,5708,0,0,1,1,1,0.5
2017-11-18 09:00:28.687105,4.92,4,20,12,1.2269326683,0,0,0,0,0,0
2017-11-18 09:00:28.687105,3.92,23,23,0,0.1703607127,0,0,0,0,0,0
2017-11-18 09:00:28.687105,33.92,23,27,3,1.4741416775,0,0,0,0,0,0
2017-11-18 09:00:28.687105,19.92,17,11,-4.5,1.1710758377,0,0,0,0,0,0
2017-11-18 09:00:28.687105,50.08,11,11,0,4.5485921889,0,0,0,1,1,0.25
2017-11-18 09:00:28.687105,19.08,11,11,0,1.7329700272,0,0,0,0,0,0
2017-11-18 09:00:28.687105,1.92,21,24,2.25,0.0913850547,0,0,0,0,0,0
2017-11-18 09:00:28.687105,1.08,10,10,0,0.1078921079,0,0,0,0,0,0
2017-11-18 09:00:28.687105,1.08,20,22,1.5,0.0539730135,0,0,0,0,0,0
2017-11-18 09:00:28.687105,0.92,22,22,0,0.0417991822,0,0,0,0,0,0
2017-11-18 09:00:28.687105,1.08,15,15,0,0.071952032,0,0,0,0,0,0
2017-11-18 09:00:28.687105,1.08,29,26,-2.25,0.0372285419,0,0,0,0,0,0
2017-11-18 09:00:28.687105,1.08,14,15,0.75,0.0770877944,0,0,0,0,0,0
2017-11-18 09:00:28.687105,2.08,25,19,-4.5,0.0831667333,0,0,0,0,0,0
2017-11-18 09:00:28.687105,2.08,27,39,9,0.0770085154,0,0,0,0,0,0
2017-11-18 09:00:28.687105,1.08,44,44,0,0.0245398773,0,0,0,0,0,0
2017-11-18 09:00:28.687105,1.08,44,44,0,0.0245398773,0,0,0,0,0,0
2017-11-18 09:00:28.687105,1.08,44,44,0,0.0245398773,0,0,0,0,0,0
2017-11-18 09:00:28.687105,1.08,44,44,0,0.0245398773,0,0,0,0,0,0
2017-11-18 09:00:28.687105,1.08,44,44,0,0.0245398773,0,0,0,0,0,0
2017-11-18 09:00:28.687105,1.08,44,44,0,0.0245398773,0,0,0,0,0,0
2017-11-18 09:00:28.687105,0.92,44,44,0,0.0209043399,0,0,0,0,0,0
2017-11-18 09:00:28.687105,2.08,44,44,0,0.0472619859,0,0,0,0,0,0
2017-11-18 09:00:28.687105,1.08,44,44,0,0.0245398773,0,0,0,0,0,0
2017-11-18 09:00:28.687105,0.08,44,44,0,0.0018177687,0,0,0,0,0,0
2017-11-18 09:00:28.687105,1.08,44,44,0,0.0245398773,0,0,0,0,0,0
2017-11-18 09:00:28.687105,2.08,44,44,0,0.0472619859,0,0,0,0,0,0
2017-11-18 09:00:28.687105,1.08,44,44,0,0.0245398773,0,0,0,0,0,0
2017-11-18 09:00:28.687105,1.08,42,42,0,0.0257081647,0,0,0,0,0,0
2017-11-18 09:00:28.687105,1.08,42,42,0,0.0257081647,0,0,0,0,0,0
2017-11-18 09:00:28.687105,1.08,42,42,0,0.0257081647,0,0,0,0,0,0
2017-11-18 09:00:28.687105,1.08,42,41,-0.75,0.0257081647,0,0,0,0,0,0
2017-11-18 09:00:28.687105,1.08,33,33,0,0.0327173584,0,0,0,0,0,0
2017-11-18 09:00:28.687105,1.08,33,33,0,0.0327173584,0,0,0,0,0,0
2017-11-18 09:00:28.687105,1.08,33,37,3,0.0327173584,0,0,0,0,0,0
2017-11-18 09:00:28.687105,1.08,37,37,0,0.0291813024,0,0,0,0,0,0
2017-11-18 09:00:28.687105,1.08,37,37,0,0.0291813024,0,0,0,0,0,0
2017-11-18 09:00:28.687105,22.92,37,37,0,0.6192920832,0,0,0,0,0,0
2017-11-18 09:00:28.687105,23.92,37,37,0,0.6463118076,0,0,0,0,0,0
2017-11-18 09:00:28.687105,26.92,30,30,0,0.8970343219,0,0,0,0,0,0
2017-11-18 09:00:28.687105,36.92,30,28,-1.5,1.2302565811,0,0,0,0,0,0
2017-11-18 09:00:28.687105,44.92,27,27,0,1.6630877453,0,0,0,0,0,0
2017-11-18 09:00:28.687105,5.92,40,43,2.25,0.1479630092,0,0,0,0,0,0
2017-11-18 09:00:28.687105,1.08,44,44,0,0.0245398773,0,0,0,0,0,0
2017-11-18 09:00:28.687105,8.08,44,44,0,0.1835946376,0,0,0,0,0,0
2017-11-18 09:00:28.687105,16.08,44,43,-0.75,0.3653715065,0,1,0,0,1,0.25
2017-11-18 09:00:28.687105,54.08,0,23,17.25,5408,0,1,0,1,1,0.5
2017-11-18 09:00:28.687105,5.08,47,47,0,0.1080621144,0,0,0,0,0,0
2017-11-18 09:00:28.687105,6.92,47,55,6,0.1472027228,0,0,0,0,0,0
2017-11-18 09:00:28.687105,9.92,60,58,-1.5,0.1653057824,0,0,0,0,0,0
2017-11-18 09:00:28.687105,11.92,54,55,0.75,0.2206998704,0,0,0,0,0,0
2017-11-18 09:00:28.687105,16.92,56,54,-1.5,0.3020889127,0,0,0,0,0,0
2017-11-18 09:00:28.687105,16.92,53,51,-1.5,0.3191850594,0,0,0,0,0,0
2017-11-18 09:00:28.687105,19.92,50,50,0,0.3983203359,0,0,0,0,0,0
2017-11-18 09:00:28.687105,32.92,50,50,0,0.6582683463,0,0,0,0,0,0
2017-11-18 09:00:28.687105,40.92,50,49,-0.75,0.8182363527,0,0,0,0,0,0
2017-11-18 09:00:28.687105,40.92,45,44,-0.75,0.9091313042,0,0,0,0,0,0
2017-11-18 09:00:28.687105,42.92,40,37,-2.25,1.072731817,0,0,0,0,0,0
2017-11-18 09:00:28.687105,43.92,34,34,0,1.2913848868,0,0,0,0,0,0
2017-11-18 09:00:28.687105,8.92,34,32,-1.5,0.2622758012,0,0,0,0,0,0
2017-11-18 09:00:28.687105,42.08,38,46,6,1.107077085,0,0,0,0,0,0
2017-11-18 09:00:28.687105,57.08,52,53,0.75,1.0974812536,0,0,0,0,0,0
2017-11-18 09:00:28.687105,57.08,53,53,0,1.0767779664,0,0,0,0,0,0
2017-11-18 09:00:28.687105,56.08,53,40,-9.75,1.0579136012,0,0,0,0,0,0
2017-11-18 09:00:28.687105,40.08,0,0,0,4008,0,0,1,1,1,0.5
2017-11-18 09:00:28.687105,49.08,0,0,0,4908,0,0,1,1,1,0.5
2017-11-18 09:00:28.687105,51.08,0,0,0,5108,0,0,1,1,1,0.5
2017-11-18 09:00:28.687105,48.08,11,14,2.25,4.3669391462,0,0,0,1,1,0.25
2017-11-18 09:00:28.687105,27.08,21,27,4.5,1.2889100428,0,0,0,0,0,0
2017-11-18 09:00:28.687105,2.92,38,40,1.5,0.076821889,0,0,0,0,0,0
2017-11-18 09:00:28.687105,13.92,40,41,0.75,0.3479130217,0,0,0,0,0,0
2017-11-18 09:00:28.687105,12.92,45,46,0.75,0.2870473228,0,0,0,0,0,0
2017-11-18 09:00:28.687105,22.92,50,51,0.75,0.4583083383,0,0,0,0,0,0
2017-11-18 09:00:28.687105,43.92,51,51,0,0.8610076456,0,0,0,0,0,0
2017-11-18 09:00:28.687105,40.92,51,51,0,0.8021956479,0,0,0,0,0,0
2017-11-18 09:00:28.687105,37.92,51,50,-0.75,0.7433836503,0,0,0,0,0,0
2017-11-18 09:00:28.687105,6.92,42,39,-2.25,0.1647226851,0,0,0,0,0,0
2017-11-18 09:00:28.687105,5.08,37,31,-4.5,0.1372601999,0,0,0,0,0,0
2017-11-18 09:00:28.687105,29.08,30,30,0,0.9690103299,0,0,0,0,0,0
2017-11-18 09:00:28.687105,23.08,19,19,0,1.2140978432,0,0,0,0,0,0
2017-11-18 09:00:28.687105,24.08,19,19,0,1.2667017359,0,0,0,0,0,0
2017-11-18 09:00:28.687105,2.08,19,19,0,0.1094160968,0,0,0,0,0,0
2017-11-18 09:00:28.687105,2.92,19,19,0,0.1536033666,0,0,0,0,0,0
2017-11-18 09:00:28.687105,2.08,19,19,0,0.1094160968,0,0,0,0,0,0
2017-11-18 09:00:28.687105,2.08,19,19,0,0.1094160968,0,0,0,0,0,0
2017-11-18 09:00:28.687105,2.08,19,19,0,0.1094160968,0,0,0,0,0,0
2017-11-18 09:00:28.687105,2.08,26,26,0,0.0799692426,0,0,0,0,0,0
2017-11-18 09:00:28.687105,1.08,26,23,-2.25,0.0415224913,0,0,0,0,0,0
2017-11-18 09:00:28.687105,2.08,16,18,1.5,0.1299188007,0,0,0,0,0,0
2017-11-18 09:00:28.687105,1.08,35,38,2.25,0.030848329,0,0,0,0,0,0
2017-11-18 09:00:28.687105,1.08,38,38,0,0.0284135754,0,0,0,0,0,0
2017-11-18 09:00:28.687105,1.08,43,43,0,0.0251104394,0,0,0,0,0,0
2017-11-18 09:00:28.687105,2.08,43,45,1.5,0.0483608463,0,0,0,0,0,0
2017-11-18 09:00:28.687105,2.08,49,49,0,0.0424403183,0,0,0,0,0,0
2017-11-18 09:00:28.687105,1.08,49,49,0,0.0220363191,0,0,0,0,0,0
2017-11-18 09:00:28.687105,1.08,49,49,0,0.0220363191,0,0,0,0,0,0
2017-11-18 09:00:28.687105,1.08,49,49,0,0.0220363191,0,0,0,0,0,0
2017-11-18 09:00:28.687105,1.08,49,47,-1.5,0.0220363191,0,0,0,0,0,0
2017-11-18 09:00:28.687105,0.08,46,45,-0.75,0.0017387524,0,0,0,0,0,0
2017-11-18 09:00:28.687105,1.08,44,44,0,0.0245398773,0,0,0,0,0,0
2017-11-18 09:00:28.687105,1.08,44,45,0.75,0.0245398773,0,0,0,0,0,0
2017-11-18 09:00:28.687105,2.08,47,47,0,0.0442459051,0,0,0,0,0,0
2017-11-18 09:00:28.687105,1.08,47,47,0,0.0229738354,0,0,0,0,0,0
2017-11-18 09:00:28.687105,1.08,49,49,0,0.0220363191,0,0,0,0,0,0
2017-11-18 09:00:28.687105,18.92,49,49,0,0.3860436646,0,0,0,0,0,0
2017-11-18 09:00:28.687105,25.92,51,52,0.75,0.5081356597,0,0,0,0,0,0
2017-11-18 09:00:28.687105,26.92,53,53,0,0.5078287116,0,0,0,0,0,0
2017-11-18 09:00:28.687105,27.92,53,53,0,0.5266930768,0,0,0,0,0,0
2017-11-18 09:00:28.687105,31.92,53,55,1.5,0.6021505376,0,0,0,0,0,0
2017-11-18 09:00:28.687105,29.92,55,53,-1.5,0.5439011089,0,0,0,0,0,0
2017-11-18 09:00:28.687105,24.92,52,52,0,0.4791386272,0,0,0,0,0,0
2017-11-18 09:00:28.687105,7.92,52,52,0,0.152278408,0,0,0,0,0,0
2017-11-18 09:00:28.687105,5.92,52,52,0,0.1138242646,0,0,0,0,0,0
2017-11-18 09:00:28.687105,6.92,52,51,-0.75,0.1330513363,0,0,0,0,0,0
2017-11-18 09:00:28.687105,5.92,51,50,-0.75,0.1160556754,0,0,0,0,0,0
2017-11-18 09:00:28.687105,5.92,47,47,0,0.1259306531,0,0,0,0,0,0
2017-11-18 09:00:28.687105,5.92,47,46,-0.75,0.1259306531,0,0,0,0,0,0
2017-11-18 09:00:28.687105,1.92,46,46,0,0.0417300587,0,0,0,0,0,0
2017-11-18 09:00:28.687105,3.92,46,46,0,0.0851988698,0,0,0,0,0,0
2017-11-18 09:00:28.687105,4.92,46,45,-0.75,0.1069332754,0,0,0,0,0,0
2017-11-18 09:00:28.687105,6.92,45,45,0,0.1537436125,0,0,0,0,0,0
2017-11-18 09:00:28.687105,9.92,45,45,0,0.2203954677,0,0,0,0,0,0
2017-11-18 09:00:28.687105,9.92,45,45,0,0.2203954677,0,0,0,0,0,0
2017-11-18 09:00:28.687105,10.92,45,45,0,0.2426127527,0,0,0,0,0,0
2017-11-18 09:00:28.687105,10.92,45,44,-0.75,0.2426127527,0,0,0,0,0,0
2017-11-18 09:00:28.687105,4.92,44,44,0,0.1117927744,0,0,0,0,0,0
2017-11-18 09:00:28.687105,13.08,44,44,0,0.2972051806,0,0,0,0,0,0
2017-11-18 09:00:28.687105,14.08,44,43,-0.75,0.3199272893,0,0,0,0,0,0
2017-11-18 09:00:28.687105,11.08,42,42,0,0.263746727,0,0,0,0,0,0
2017-11-18 09:00:28.687105,10.08,42,42,0,0.2399428707,0,0,0,0,0,0
2017-11-18 09:00:28.687105,15.08,42,42,0,0.3589621519,0,0,0,0,0,0
2017-11-18 09:00:28.687105,14.08,42,42,0,0.3351582956,0,0,0,0,0,0
2017-11-18 09:00:28.687105,14.08,42,41,-0.75,0.3351582956,0,0,0,0,0,0
2017-11-18 09:00:28.687105,17.08,40,40,0,0.4268932767,0,0,0,0,0,0
2017-11-18 09:00:28.687105,24.08,40,40,0,0.6018495376,0,0,0,0,0,0
2017-11-18 09:00:28.687105,9.08,40,40,0,0.2269432642,0,0,0,0,0,0
2017-11-18 09:00:28.687105,0.08,44,46,1.5,0.0018177687,0,0,0,0,0,0
2017-11-18 09:00:28.687105,12.92,47,47,0,0.2748351415,0,0,0,0,0,0
2017-11-18 09:00:28.687105,15.92,47,48,0.75,0.3386513508,0,0,0,0,0,0
2017-11-18 09:00:28.687105,14.92,49,49,0,0.3044276678,0,0,0,0,0,0
2017-11-18 09:00:28.687105,14.92,50,50,0,0.2983403319,0,0,0,0,0,0
2017-11-18 09:00:28.687105,18.92,50,50,0,0.3783243351,0,0,0,0,0,0
2017-11-18 09:00:28.687105,19.92,50,51,0.75,0.3983203359,0,0,0,0,0,0
2017-11-18 09:00:28.687105,19.92,51,49,-1.5,0.3905116644,0,0,0,0,0,0
2017-11-18 09:00:28.687105,18.92,44,42,-1.5,0.4299022949,0,0,0,0,0,0
2017-11-18 09:00:28.687105,18.92,48,49,0.75,0.3940845657,0,0,0,0,0,0
2017-11-18 09:00:28.687105,18.92,37,36,-0.75,0.5112131856,0,0,0,0,0,0
2017-11-18 09:00:28.687105,17.92,36,35,-0.75,0.4976395446,0,0,0,0,0,0
2017-11-18 09:00:28.687105,16.92,29,29,0,0.5832471562,0,0,0,0,0,0
2017-11-18 09:00:28.687105,16.92,34,37,2.25,0.4975007351,0,0,0,0,0,0
2017-11-18 09:00:28.687105,16.92,37,37,0,0.4571737368,0,0,0,0,0,0
2017-11-18 09:00:28.687105,16.92,37,37,0,0.4571737368,0,0,0,0,0,0
2017-11-18 09:00:28.687105,17.92,37,37,0,0.4841934612,0,0,0,0,0,0
2017-11-18 09:00:28.687105,16.92,37,37,0,0.4571737368,0,0,0,0,0,0
2017-11-18 09:00:28.687105,16.92,37,37,0,0.4571737368,0,0,0,0,0,0
2017-11-18 09:00:28.687105,16.92,37,37,0,0.4571737368,0,0,0,0,0,0
2017-11-18 09:00:28.687105,17.92,37,37,0,0.4841934612,0,0,0,0,0,0
2017-11-18 09:00:28.687105,16.92,37,37,0,0.4571737368,0,0,0,0,0,0
2017-11-18 09:00:28.687105,17.92,37,37,0,0.4841934612,0,0,0,0,0,0
2017-11-18 09:00:28.687105,17.92,35,35,0,0.5118537561,0,0,0,0,0,0
2017-11-18 09:00:28.687105,17.92,35,35,0,0.5118537561,0,0,0,0,0,0
2017-11-18 09:00:28.687105,16.92,28,29,0.75,0.604069975,0,0,0,0,0,0
2017-11-18 09:00:28.687105,17.92,27,25,-1.5,0.6634579785,0,0,0,0,0,0
2017-11-18 09:00:28.687105,15.92,25,25,0,0.6365453818,0,0,0,0,0,0
2017-11-18 09:00:28.687105,16.92,26,27,0.75,0.6505190311,0,0,0,0,0,0
2017-11-18 09:00:28.687105,15.92,29,29,0,0.548776284,0,0,0,0,0,0
2017-11-18 09:00:28.687105,1.92,29,29,0,0.0661840745,0,0,0,0,0,0
2017-11-18 09:00:28.687105,1.08,29,29,0,0.0372285419,0,0,0,0,0,0
2017-11-18 09:00:28.687105,1.08,29,29,0,0.0372285419,0,0,0,0,0,0
2017-11-18 09:00:28.687105,1.08,29,29,0,0.0372285419,0,0,0,0,0,0
2017-11-18 09:00:28.687105,1.08,29,27,-1.5,0.0372285419,0,0,0,0,0,0
2017-11-18 09:00:28.687105,1.08,22,22,0,0.0490686052,0,0,0,0,0,0
2017-11-18 09:00:28.687105,1.08,22,22,0,0.0490686052,0,0,0,0,0,0
2017-11-18 09:00:28.687105,1.08,22,22,0,0.0490686052,0,0,0,0,0,0
2017-11-18 09:00:28.687105,1.08,37,40,2.25,0.0291813024,0,0,0,0,0,0
2017-11-18 09:00:28.687105,1.08,40,40,0,0.0269932517,0,0,0,0,0,0
2017-11-18 09:00:28.687105,1.08,49,55,4.5,0.0220363191,0,0,0,0,0,0
2017-11-18 09:00:28.687105,1.08,66,67,0.75,0.0163611574,0,0,0,0,0,0
2017-11-18 09:00:28.687105,1.08,67,68,0.75,0.0161169975,0,0,0,0,0,0
2017-11-18 09:00:28.687105,1.08,81,84,2.25,0.0133316874,1,0,0,0,1,0.25
2017-11-18 09:00:28.687105,1.08,93,93,0,0.0116116547,1,0,0,0,1,0.25
2017-11-18 09:00:28.687105,1.08,93,93,0,0.0116116547,1,0,0,0,1,0.25
2017-11-18 09:00:28.687105,1.08,101,101,0,0.0106920107,1,0,0,0,1,0.25
2017-11-18 09:00:28.687105,1.08,101,101,0,0.0106920107,1,0,0,0,1,0.25
2017-11-18 09:00:28.687105,1.08,101,101,0,0.0106920107,1,0,0,0,1,0.25
2017-11-18 09:00:28.687105,1.08,101,101,0,0.0106920107,1,0,0,0,1,0.25
2017-11-18 09:00:28.687105,1.08,101,101,0,0.0106920107,1,0,0,0,1,0.25
2017-11-18 09:00:28.687105,1.08,94,90,-3,0.0114881396,1,0,0,0,1,0.25
2017-11-18 09:00:28.687105,1.08,84,84,0,0.0128556124,1,0,0,0,1,0.25
2017-11-18 09:00:28.687105,1.08,84,84,0,0.0128556124,1,0,0,0,1,0.25
2017-11-18 09:00:28.687105,1.08,78,75,-2.25,0.0138443789,1,0,0,0,1,0.25
2017-11-18 09:00:28.687105,20.92,73,73,0,0.2865360909,1,0,0,0,1,0.25
2017-11-18 09:00:28.687105,30.92,73,73,0,0.4235036296,1,0,0,0,1,0.25
2017-11-18 09:00:28.687105,31.92,71,70,-0.75,0.4495141529,1,0,0,0,1,0.25
2017-11-18 09:00:28.687105,30.92,68,68,0,0.4546390237,0,0,0,0,0,0
2017-11-18 09:00:28.687105,30.92,67,65,-1.5,0.4614236681,0,0,0,0,0,0
2017-11-18 09:00:28.687105,27.92,65,65,0,0.4294723889,0,0,0,0,0,0
2017-11-18 09:00:28.687105,24.92,64,63,-0.75,0.3893141697,0,0,0,0,0,0
2017-11-18 09:00:28.687105,21.92,63,63,0,0.3478812887,0,0,0,0,0,0
2017-11-18 09:00:28.687105,18.92,62,62,0,0.3051120787,0,0,0,0,0,0
2017-11-18 09:00:28.687105,15.92,61,61,0,0.2609408294,0,0,0,0,0,0
2017-11-18 09:00:28.687105,11.92,61,61,0,0.1953778069,0,0,0,0,0,0
2017-11-18 09:00:28.687105,1.08,61,61,0,0.0177020161,0,0,0,0,0,0
2017-11-18 09:00:28.687105,2.08,66,68,1.5,0.0315103772,0,0,0,0,0,0
2017-11-18 09:00:28.687105,2.08,70,70,0,0.0297100414,0,0,0,0,0,0
2017-11-18 09:00:28.687105,1.08,61,56,-3.75,0.0177020161,0,0,0,0,0,0
2017-11-18 09:00:28.687105,2.08,53,52,-0.75,0.0392378796,0,0,0,0,0,0
2017-11-18 09:00:28.687105,2.08,51,51,0,0.0407763184,0,0,0,0,0,0
2017-11-18 09:00:28.687105,21.08,20,7,-9.75,1.0534732634,0,0,0,0,0,0
2017-11-18 09:00:28.687105,55.08,6,8,1.5,9.1647254576,0,0,0,1,1,0.25
2017-11-18 09:00:28.687105,20.08,16,16,0,1.2542161149,0,0,0,0,0,0
2017-11-18 09:00:28.687105,3.08,25,31,4.5,0.1231507397,0,0,0,0,0,0
2017-11-18 09:00:28.687105,1.08,45,49,3,0.0239946679,0,0,0,0,0,0
2017-11-18 09:00:28.687105,0.08,61,69,6,0.0013112604,0,0,0,0,0,0
2017-11-18 09:00:28.687105,18.92,78,87,6.75,0.2425330086,1,0,0,0,1,0.25
2017-11-18 09:00:28.687105,51.92,102,91,-8.25,0.5089697089,1,0,0,0,0,0.25
2017-11-18 09:00:28.687105,17.92,61,61,0,0.2937223406,0,0,0,0,0,0
2017-11-18 09:00:28.687105,1.08,60,56,-3,0.0179970005,0,0,0,0,0,0
2017-11-18 09:00:28.687105,7.08,39,37,-1.5,0.1814919251,0,0,0,0,0,0
2017-11-18 09:00:28.687105,24.08,28,0,-21,0.8596929668,0,0,1,0,1,0.25
2017-11-18 09:00:28.687105,22.08,0,10,7.5,2208,0,1,0,1,1,0.5
2017-11-18 09:00:28.687105,1.08,27,37,7.5,0.0399851907,0,0,0,0,0,0
2017-11-18 09:00:28.687105,4.08,46,46,0,0.0886763747,0,0,0,0,0,0
2017-11-18 09:00:28.687105,14.92,49,53,3,0.3044276678,0,0,0,0,0,0
2017-11-18 09:00:28.687105,23.92,58,61,2.25,0.4123426995,0,0,0,0,0,0
2017-11-18 09:00:28.687105,25.92,74,74,0,0.3502229428,1,0,0,0,0,0.25
2017-11-18 09:00:28.687105,24.92,65,63,-1.5,0.3833256422,0,0,0,0,0,0
2017-11-18 09:00:28.687105,24.92,65,80,11.25,0.3833256422,0,0,0,0,0,0
2017-11-18 09:00:28.687105,23.92,84,86,1.5,0.2847280086,1,0,0,0,1,0.25
2017-11-18 09:00:28.687105,25.92,92,92,0,0.2817085099,1,0,0,0,1,0.25
2017-11-18 09:00:28.687105,42.92,102,102,0,0.4207430644,1,0,0,0,1,0.25
2017-11-18 09:00:28.687105,38.92,102,95,-5.25,0.3815312224,1,0,0,0,1,0.25
2017-11-18 09:00:28.687105,26.92,92,92,0,0.2925768938,1,0,0,0,1,0.25
2017-11-18 09:00:28.687105,23.92,81,80,-0.75,0.2952721886,1,0,0,0,1,0.25
2017-11-18 09:00:28.687105,21.92,80,75,-3.75,0.2739657543,1,0,0,0,1,0.25
2017-11-18 09:00:28.687105,21.92,66,65,-0.75,0.3320708983,0,0,0,0,0,0
2017-11-18 09:00:28.687105,13.92,64,63,-0.75,0.2174660209,0,0,0,0,0,0
2017-11-18 09:00:28.687105,16.08,59,59,0,0.2724961871,0,0,0,0,0,0
2017-11-18 09:00:28.687105,28.08,58,57,-0.75,0.4840544734,0,0,0,0,0,0
2017-11-18 09:00:28.687105,39.08,55,55,0,0.7104162879,0,0,0,0,0,0
2017-11-18 09:00:28.687105,20.08,56,59,2.25,0.3585074094,0,0,0,0,0,0
2017-11-18 09:00:28.687105,0.08,59,59,0,0.0013557024,0,0,0,0,0,0
2017-11-18 09:00:28.687105,1.08,59,59,0,0.0183019827,0,0,0,0,0,0
2017-11-18 09:00:28.687105,2.08,59,59,0,0.035248263,0,0,0,0,0,0
2017-11-18 09:00:28.687105,1.08,59,58,-0.75,0.0183019827,0,0,0,0,0,0
2017-11-18 09:00:28.687105,22.08,53,51,-1.5,0.4165251839,0,0,0,0,0,0
2017-11-18 09:00:28.687105,28.08,47,43,-3,0.5973197192,0,0,0,0,0,0
2017-11-18 09:00:28.687105,41.08,37,31,-4.5,1.1099702783,0,0,0,0,0,0
2017-11-18 09:00:28.687105,41.08,23,18,-3.75,1.7853107345,0,0,0,0,0,0
2017-11-18 09:00:28.687105,42.08,17,17,0,2.4738389183,0,0,0,1,1,0.25
2017-11-18 09:00:28.687105,47.08,20,25,3.75,2.3528235882,0,0,0,1,1,0.25
2017-11-18 09:00:28.687105,50.08,38,38,0,1.3175480137,0,0,0,0,0,0
2017-11-18 09:00:28.687105,51.08,0,17,12.75,5108,0,1,0,1,1,0.5
2017-11-18 09:00:28.687105,15.08,56,54,-1.5,0.2692376361,0,0,0,0,0,0
2017-11-18 09:00:28.687105,34.92,44,35,-6.75,0.7934560327,0,0,0,0,0,0
2017-11-18 09:00:28.687105,27.08,30,29,-0.75,0.902365878,0,0,0,0,0,0
2017-11-18 09:00:28.687105,0.08,29,29,0,0.0027576698,0,0,0,0,0,0
2017-11-18 09:00:28.687105,7.92,29,29,0,0.2730093071,0,0,0,0,0,0
2017-11-18 09:00:28.687105,1.08,29,29,0,0.0372285419,0,0,0,0,0,0
2017-11-18 09:00:28.687105,12.08,29,29,0,0.4164081351,0,0,0,0,0,0
2017-11-18 09:00:28.687105,8.08,29,26,-2.25,0.2785246467,0,0,0,0,0,0
2017-11-18 09:00:28.687105,5.08,18,26,6,0.2820655192,0,0,0,0,0,0
2017-11-18 09:00:28.687105,1.08,30,30,0,0.035988004,0,0,0,0,0,0
2017-11-18 09:00:28.687105,1.08,32,36,3,0.0337394564,0,0,0,0,0,0
2017-11-18 09:00:28.687105,4.08,23,13,-7.5,0.1773142112,0,0,0,0,0,0
2017-11-18 09:00:28.687105,2.08,14,15,0.75,0.1484653819,0,0,0,0,0,0
2017-11-18 09:00:28.687105,2.08,0,2,1.5,208,0,1,0,1,1,0.5
2017-11-18 09:00:28.687105,1.08,38,38,0,0.0284135754,0,0,0,0,0,0
2017-11-18 09:00:28.687105,1.08,39,84,33.75,0.0276852089,0,0,0,0,0,0
2017-11-18 09:00:28.687105,1.08,2,19,12.75,0.5373134328,0,0,0,0,0,0
2017-11-18 09:00:28.687105,1.08,81,80,-0.75,0.0133316874,1,0,0,0,1,0.25
2017-11-18 09:00:28.687105,0.08,102,85,-12.75,0.0007842368,1,0,0,0,1,0.25
2017-11-18 09:00:28.687105,1.08,50,50,0,0.0215956809,0,0,0,0,0,0
2017-11-18 09:00:28.687105,1.08,30,0,-22.5,0.035988004,0,0,1,0,1,0.25
2017-11-18 09:00:28.687105,2.08,54,51,-2.25,0.0385113868,0,0,0,0,0,0
2017-11-18 09:00:28.687105,1.08,49,69,15,0.0220363191,0,0,0,0,0,0
2017-11-18 09:00:28.687105,6.08,79,79,0,0.0769522845,1,0,0,0,1,0.25
2017-11-18 09:00:28.687105,2.08,58,58,0,0.0358558869,0,0,0,0,0,0
2017-11-18 09:00:28.687105,2.08,58,58,0,0.0358558869,0,0,0,0,0,0
2017-11-18 09:00:28.687105,1.08,58,50,-6,0.0186174797,0,0,0,0,0,0
2017-11-18 09:00:28.687105,1.08,45,40,-3.75,0.0239946679,0,0,0,0,0,0
2017-11-18 09:00:28.687105,1.08,31,31,0,0.034827475,0,0,0,0,0,0
2017-11-18 09:00:28.687105,2.08,25,24,-0.75,0.0831667333,0,0,0,0,0,0
2017-11-18 09:00:28.687105,1.08,24,20,-3,0.0449812578,0,0,0,0,0,0
2017-11-18 09:00:28.687105,1.08,18,18,0,0.0599666852,0,0,0,0,0,0
2017-11-18 09:00:28.687105,1.08,18,18,0,0.0599666852,0,0,0,0,0,0
2017-11-18 09:00:28.687105,1.08,18,18,0,0.0599666852,0,0,0,0,0,0
2017-11-18 09:00:28.687105,1.08,30,36,4.5,0.035988004,0,0,0,0,0,0
2017-11-18 09:00:28.687105,2.08,44,45,0.75,0.0472619859,0,0,0,0,0,0
2017-11-18 09:00:28.687105,1.08,52,53,0.75,0.0207652375,0,0,0,0,0,0
2017-11-18 09:00:28.687105,1.08,53,53,0,0.0203735144,0,0,0,0,0,0
2017-11-18 09:00:28.687105,1.08,62,89,20.25,0.0174165457,0,0,0,0,0,0
2017-11-18 09:00:28.687105,1.08,91,91,0,0.0118668278,1,0,0,0,1,0.25
2017-11-18 09:00:28.687105,1.08,102,102,0,0.0105871973,1,0,0,0,1,0.25
2017-11-18 09:00:28.687105,1.08,102,102,0,0.0105871973,1,0,0,0,1,0.25
2017-11-18 09:00:28.687105,1.08,102,102,0,0.0105871973,1,0,0,0,1,0.25
2017-11-18 09:00:28.687105,1.08,99,92,-5.25,0.0109079891,1,0,0,0,1,0.25
2017-11-18 09:00:28.687105,1.08,90,90,0,0.0119986668,1,0,0,0,1,0.25
2017-11-18 09:00:28.687105,1.08,90,89,-0.75,0.0119986668,1,0,0,0,1,0.25
2017-11-18 09:00:28.687105,1.08,83,82,-0.75,0.0130104807,1,0,0,0,1,0.25
2017-11-18 09:00:28.687105,1.08,81,80,-0.75,0.0133316874,1,0,0,0,1,0.25
2017-11-18 09:00:28.687105,1.08,78,78,0,0.0138443789,1,0,0,0,1,0.25
2017-11-18 09:00:28.687105,1.08,77,76,-0.75,0.0140241527,1,0,0,0,1,0.25
2017-11-18 09:00:28.687105,1.08,75,74,-0.75,0.0143980803,1,0,0,0,1,0.25
2017-11-18 09:00:28.687105,1.08,74,74,0,0.0145926226,1,0,0,0,1,0.25
2017-11-18 09:00:28.687105,1.08,74,74,0,0.0145926226,1,0,0,0,1,0.25
2017-11-18 09:00:28.687105,1.08,74,69,-3.75,0.0145926226,1,0,0,0,1,0.25
2017-11-18 09:00:28.687105,2.08,69,69,0,0.0301405593,0,0,0,0,0,0
2017-11-18 09:00:28.687105,1.08,64,64,0,0.0168723637,0,0,0,0,0,0
2017-11-18 09:00:28.687105,2.08,63,62,-0.75,0.0330106332,0,0,0,0,0,0
2017-11-18 09:00:28.687105,1.08,61,61,0,0.0177020161,0,0,0,0,0,0
2017-11-18 09:00:28.687105,1.08,61,61,0,0.0177020161,0,0,0,0,0,0
2017-11-18 09:00:28.687105,2.08,61,61,0,0.0340927717,0,0,0,0,0,0
2017-11-18 09:00:28.687105,1.08,61,61,0,0.0177020161,0,0,0,0,0,0
2017-11-18 09:00:28.687105,1.08,58,58,0,0.0186174797,0,0,0,0,0,0
2017-11-18 09:00:28.687105,2.08,58,58,0,0.0358558869,0,0,0,0,0,0
2017-11-18 09:00:28.687105,2.08,56,56,0,0.0371362257,0,0,0,0,0,0
2017-11-18 09:00:28.687105,1.08,56,56,0,0.019282271,0,0,0,0,0,0
2017-11-18 09:00:28.687105,1.08,56,56,0,0.019282271,0,0,0,0,0,0
2017-11-18 09:00:28.687105,1.08,56,55,-0.75,0.019282271,0,0,0,0,0,0
2017-11-18 09:00:28.687105,1.08,53,53,0,0.0203735144,0,0,0,0,0,0
2017-11-18 09:00:28.687105,15.08,53,53,0,0.2844746274,0,0,0,0,0,0
2017-11-18 09:00:28.687105,3.08,51,51,0,0.0603803176,0,0,0,0,0,0
2017-11-18 09:00:28.687105,1.08,46,44,-1.5,0.023473158,0,0,0,0,0,0
2017-11-18 09:00:28.687105,0.08,44,51,5.25,0.0018177687,0,0,0,0,0,0
2017-11-18 09:00:28.687105,1.08,61,75,10.5,0.0177020161,0,0,0,0,0,0
2017-11-18 09:00:28.687105,2.08,89,89,0,0.0233681609,1,0,0,0,1,0.25
2017-11-18 09:00:28.687105,1.08,83,79,-3,0.0130104807,1,0,0,0,1,0.25
2017-11-18 09:00:28.687105,1.08,75,74,-0.75,0.0143980803,1,0,0,0,1,0.25
2017-11-18 09:00:28.687105,1.08,73,71,-1.5,0.0147924942,1,0,0,0,1,0.25
2017-11-18 09:00:28.687105,6.92,71,71,0,0.0974510632,1,0,0,0,1,0.25
2017-11-18 09:00:28.687105,20.92,64,62,-1.5,0.3268239338,0,0,0,0,0,0
2017-11-18 09:00:28.687105,24.92,62,62,0,0.401870666,0,0,0,0,0,0
2017-11-18 09:00:28.687105,24.92,62,62,0,0.401870666,0,0,0,0,0,0
2017-11-18 09:00:28.687105,24.92,62,59,-2.25,0.401870666,0,0,0,0,0,0
2017-11-18 09:00:28.687105,17.92,58,58,0,0.3089122565,0,0,0,0,0,0
2017-11-18 09:00:28.687105,11.92,54,54,0,0.2206998704,0,0,0,0,0,0
2017-11-18 09:00:28.687105,7.92,51,50,-0.75,0.1552636738,0,0,0,0,0,0
2017-11-18 09:00:28.687105,11.08,51,58,5.25,0.2172123113,0,0,0,0,0,0
2017-11-18 09:00:28.687105,27.08,60,61,0.75,0.4512581236,0,0,0,0,0,0
2017-11-18 09:00:28.687105,27.08,65,65,0,0.4165512998,0,0,0,0,0,0
2017-11-18 07:27:11.552675,2.08,46,73,0,0.028489248,0,0,0,0,0,0
2017-11-18 07:27:11.552675,2.08,51,102,0,0.0203901578,0,0,0,0,0,0
2017-11-18 07:27:11.552675,2.08,60,102,0,0.0203901578,0,0,0,0,0,0
2017-11-18 07:27:11.552675,2.08,60,102,0,0.0203901578,0,0,0,0,0,0
2017-11-18 07:27:11.552675,2.08,60,99,0.75,0.0212223243,0,0,0,0,0,0
2017-11-18 07:27:11.552675,1.08,60,92,-3,0.0112488282,0,0,0,0,0,0
2017-11-18 07:27:11.552675,7.92,60,83,-0.75,0.0942744911,0,0,0,0,0,0
2017-11-18 07:27:11.552675,14.92,65,79,-0.75,0.1864766904,0,0,0,0,0,0
2017-11-18 07:27:11.552675,17.92,65,77,-0.75,0.2297141392,0,0,0,0,0,0
2017-11-18 07:27:11.552675,19.92,67,82,4.5,0.2620707802,0,0,0,0,0,0
2017-11-18 07:27:11.552675,22.92,68,85,-0.75,0.2664806418,0,0,0,0,0,0
2017-11-18 07:27:11.552675,31.92,69,84,0,0.3799547673,0,0,0,0,0,0
2017-11-18 07:27:11.552675,28.92,62,84,0,0.3442447328,0,0,0,0,0,0
2017-11-18 07:27:11.552675,1.08,68,84,0,0.0128556124,0,0,0,0,0,0
2017-11-18 07:27:11.552675,2.08,71,88,2.25,0.0244677097,0,0,0,0,0,0
2017-11-18 07:27:11.552675,2.08,72,76,-3.75,0.0256758425,0,0,0,0,0,0
2017-11-18 07:27:11.552675,2.08,69,72,-2.25,0.027729636,0,0,0,0,0,0
2017-11-18 07:27:11.552675,2.08,69,68,-0.75,0.0301405593,0,0,0,0,0,0
2017-11-18 07:27:11.552675,2.08,70,69,0,0.0288848771,0,0,0,0,0,0
2017-11-18 07:27:11.552675,2.08,70,69,-3,0.027729636,0,0,0,0,0,0
2017-11-18 07:27:11.552675,2.08,65,65,0,0.0319950777,0,0,0,0,0,0
2017-11-18 07:27:11.552675,11.08,65,65,0,0.1704353176,0,0,0,0,0,0
2017-11-18 07:27:11.552675,14.08,65,65,0,0.2165820643,0,0,0,0,0,0
2017-11-18 07:27:11.552675,15.08,65,65,0,0.2319643132,0,0,0,0,0,0
2017-11-18 07:27:11.552675,1.08,65,65,0,0.0166128288,0,0,0,0,0,0
2017-11-18 07:27:11.552675,2.08,65,65,0,0.0319950777,0,0,0,0,0,0
2017-11-18 07:27:11.552675,2.08,68,71,2.25,0.0305837377,0,0,0,0,0,0
2017-11-18 07:27:11.552675,2.08,67,65,-1.5,0.0310401433,0,0,0,0,0,0
2017-11-18 07:27:11.552675,2.08,63,63,0,0.0330106332,0,0,0,0,0,0
2017-11-18 07:27:11.552675,2.08,63,63,0,0.0330106332,0,0,0,0,0,0
2017-11-18 07:27:11.552675,2.08,63,63,0,0.0330106332,0,0,0,0,0,0
2017-11-18 07:27:11.552675,2.08,63,63,0,0.0330106332,0,0,0,0,0,0
2017-11-18 07:27:11.552675,2.08,64,64,0,0.0324949227,0,0,0,0,0,0
2017-11-18 07:27:11.552675,2.08,64,65,0.75,0.0324949227,0,0,0,0,0,0
2017-11-18 07:27:11.552675,2.08,65,70,3.75,0.0319950777,0,0,0,0,0,0
2017-11-18 07:27:11.552675,2.08,85,88,2.25,0.0244677097,1,0,0,0,1,0.25
2017-11-18 07:27:11.552675,2.08,88,88,0,0.023633678,1,0,0,0,1,0.25
2017-11-18 07:27:11.552675,2.08,88,88,0,0.023633678,1,0,0,0,1,0.25
2017-11-18 07:27:11.552675,2.08,88,87,-0.75,0.023633678,1,0,0,0,1,0.25
2017-11-18 07:27:11.552675,2.08,82,79,-2.25,0.0253627606,1,0,0,0,1,0.25
2017-11-18 07:27:11.552675,2.08,74,73,-0.75,0.0281043102,1,0,0,0,1,0.25
2017-11-18 07:27:11.552675,2.08,68,66,-1.5,0.0305837377,0,0,0,0,0,0
2017-11-18 07:27:11.552675,2.08,62,60,-1.5,0.0335429769,0,0,0,0,0,0
2017-11-18 07:27:11.552675,2.08,59,59,0,0.035248263,0,0,0,0,0,0
2017-11-18 07:27:11.552675,2.08,57,54,-2.25,0.0364848272,0,0,0,0,0,0
2017-11-18 07:27:11.552675,2.08,51,50,-0.75,0.0407763184,0,0,0,0,0,0
2017-11-18 07:27:11.552675,2.08,56,62,4.5,0.0371362257,0,0,0,0,0,0
2017-11-18 07:27:11.552675,2.08,65,66,0.75,0.0319950777,0,0,0,0,0,0
2017-11-18 07:27:11.552675,2.08,68,68,0,0.0305837377,0,0,0,0,0,0
2017-11-18 07:27:11.552675,2.08,68,68,0,0.0305837377,0,0,0,0,0,0
2017-11-18 07:27:11.552675,2.08,68,68,0,0.0305837377,0,0,0,0,0,0
2017-11-18 07:27:11.552675,3.92,68,68,0,0.0576385826,0,0,0,0,0,0
2017-11-18 07:27:11.552675,6.08,68,68,0,0.0893986179,0,0,0,0,0,0
2017-11-18 07:27:11.552675,18.08,68,68,0,0.2658432583,0,0,0,0,0,0
2017-11-18 07:27:11.552675,16.08,68,68,0,0.2364358183,0,0,0,0,0,0
2017-11-18 07:27:11.552675,2.08,68,68,0,0.0305837377,0,0,0,0,0,0
2017-11-18 07:27:11.552675,2.08,68,68,0,0.0305837377,0,0,0,0,0,0
2017-11-18 07:27:11.552675,2.08,68,68,0,0.0305837377,0,0,0,0,0,0
2017-11-18 07:27:11.552675,1.08,68,68,0,0.0158800176,0,0,0,0,0,0
2017-11-18 07:27:11.552675,2.08,65,65,0,0.0319950777,0,0,0,0,0,0
2017-11-18 07:27:11.552675,2.08,65,65,0,0.0319950777,0,0,0,0,0,0
2017-11-18 07:27:11.552675,2.08,63,60,-2.25,0.0330106332,0,0,0,0,0,0
2017-11-18 07:27:11.552675,2.08,59,59,0,0.035248263,0,0,0,0,0,0
2017-11-18 07:27:11.552675,2.08,59,59,0,0.035248263,0,0,0,0,0,0
2017-11-18 07:27:11.552675,2.08,59,59,0,0.035248263,0,0,0,0,0,0
2017-11-18 07:27:11.552675,2.08,59,59,0,0.035248263,0,0,0,0,0,0
2017-11-18 07:27:11.552675,2.08,59,58,-0.75,0.035248263,0,0,0,0,0,0
2017-11-18 07:27:11.552675,2.08,57,57,0,0.0364848272,0,0,0,0,0,0
2017-11-18 07:27:11.552675,18.08,57,57,0,0.3171373443,0,0,0,0,0,0
2017-11-18 07:27:11.552675,2.08,57,57,0,0.0364848272,0,0,0,0,0,0
2017-11-18 07:27:11.552675,2.08,57,57,0,0.0364848272,0,0,0,0,0,0
2017-11-18 07:27:11.552675,13.08,57,57,0,0.2294334327,0,0,0,0,0,0
2017-11-18 07:27:11.552675,2.08,57,57,0,0.0364848272,0,0,0,0,0,0
2017-11-18 07:27:11.552675,2.08,57,57,0,0.0364848272,0,0,0,0,0,0
2017-11-18 07:27:11.552675,8.08,57,57,0,0.1417295211,0,0,0,0,0,0
2017-11-18 07:27:11.552675,2.92,57,57,0,0.0512190844,0,0,0,0,0,0
2017-11-18 07:27:11.552675,2.08,57,57,0,0.0364848272,0,0,0,0,0,0
2017-11-18 07:27:11.552675,2.08,57,57,0,0.0364848272,0,0,0,0,0,0
2017-11-18 07:27:11.552675,2.08,57,57,0,0.0364848272,0,0,0,0,0,0
2017-11-18 07:27:11.552675,2.08,57,57,0,0.0364848272,0,0,0,0,0,0
2017-11-18 07:27:11.552675,2.08,57,57,0,0.0364848272,0,0,0,0,0,0
2017-11-18 07:27:11.552675,2.08,57,57,0,0.0364848272,0,0,0,0,0,0
2017-11-18 07:27:11.552675,2.08,57,59,1.5,0.0364848272,0,0,0,0,0,0
2017-11-18 07:27:11.552675,2.08,62,62,0,0.0335429769,0,0,0,0,0,0
2017-11-18 07:27:11.552675,0.92,62,61,-0.75,0.0148363167,0,0,0,0,0,0
2017-11-18 07:27:11.552675,2.08,48,48,0,0.0433243074,0,0,0,0,0,0
2017-11-18 07:27:11.552675,2.08,48,48,0,0.0433243074,0,0,0,0,0,0
2017-11-18 07:27:11.552675,2.08,48,48,0,0.0433243074,0,0,0,0,0,0
2017-11-18 07:27:11.552675,2.08,48,48,0,0.0433243074,0,0,0,0,0,0
2017-11-18 07:27:11.552675,2.08,48,48,0,0.0433243074,0,0,0,0,0,0
2017-11-18 07:27:11.552675,2.08,50,50,0,0.0415916817,0,0,0,0,0,0
2017-11-18 07:27:11.552675,2.08,53,53,0,0.0392378796,0,0,0,0,0,0
2017-11-18 07:27:11.552675,12.08,54,54,0,0.2236622848,0,0,0,0,0,0
2017-11-18 07:27:11.552675,15.08,54,54,0,0.2792075542,0,0,0,0,0,0
2017-11-18 07:27:11.552675,3.08,54,54,0,0.0570264766,0,0,0,0,0,0
2017-11-18 07:27:11.552675,2.08,54,54,0,0.0385113868,0,0,0,0,0,0
2017-11-18 07:27:11.552675,2.08,54,54,0,0.0385113868,0,0,0,0,0,0
2017-11-18 07:27:11.552675,2.08,54,54,0,0.0385113868,0,0,0,0,0,0
2017-11-18 07:27:11.552675,2.08,54,54,0,0.0385113868,0,0,0,0,0,0
2017-11-18 07:27:11.552675,2.08,54,54,0,0.0385113868,0,0,0,0,0,0
2017-11-18 07:27:11.552675,2.08,54,54,0,0.0385113868,0,0,0,0,0,0
2017-11-18 07:27:11.552675,11.08,54,54,0,0.205147195,0,0,0,0,0,0
2017-11-18 07:27:11.552675,2.08,54,54,0,0.0385113868,0,0,0,0,0,0
2017-11-18 07:27:11.552675,2.08,54,54,0,0.0385113868,0,0,0,0,0,0
2017-11-18 07:27:11.552675,2.08,54,54,0,0.0385113868,0,0,0,0,0,0
2017-11-18 07:27:11.552675,2.08,54,54,0,0.0385113868,0,0,0,0,0,0
2017-11-18 07:27:11.552675,2.08,54,54,0,0.0385113868,0,0,0,0,0,0
2017-11-18 07:27:11.552675,2.08,54,54,0,0.0385113868,0,0,0,0,0,0
2017-11-18 07:27:11.552675,3.08,54,54,0,0.0570264766,0,0,0,0,0,0
2017-11-18 07:27:11.552675,3.08,49,45,-3,0.0628443175,0,0,0,0,0,0
2017-11-18 07:27:11.552675,2.08,42,42,0,0.0495120209,0,0,0,0,0,0
2017-11-18 07:27:11.552675,2.08,42,42,0,0.0495120209,0,0,0,0,0,0
2017-11-18 07:27:11.552675,2.08,44,44,0,0.0472619859,0,0,0,0,0,0
2017-11-18 07:27:11.552675,2.08,44,44,0,0.0472619859,0,0,0,0,0,0
2017-11-18 07:27:11.552675,2.08,44,44,0,0.0472619859,0,0,0,0,0,0
2017-11-18 07:27:11.552675,2.08,44,44,0,0.0472619859,0,0,0,0,0,0
2017-11-18 07:27:11.552675,2.08,44,44,0,0.0472619859,0,0,0,0,0,0
2017-11-18 07:27:11.552675,2.08,44,44,0,0.0472619859,0,0,0,0,0,0
2017-11-18 07:27:11.552675,2.08,44,44,0,0.0472619859,0,0,0,0,0,0
2017-11-18 07:27:11.552675,2.08,44,44,0,0.0472619859,0,0,0,0,0,0
2017-11-18 07:27:11.552675,2.08,44,44,0,0.0472619859,0,0,0,0,0,0
2017-11-18 07:27:11.552675,2.08,44,44,0,0.0472619859,0,0,0,0,0,0
2017-11-18 07:27:11.552675,2.08,44,48,3,0.0472619859,0,0,0,0,0,0
2017-11-18 07:27:11.552675,3.92,53,54,0.75,0.0739483116,0,0,0,0,0,0
2017-11-18 07:27:11.552675,2.08,54,54,0,0.0385113868,0,0,0,0,0,0
2017-11-18 07:27:11.552675,11.08,54,52,-1.5,0.205147195,0,0,0,0,0,0
2017-11-18 07:27:11.552675,18.08,48,47,-0.75,0.3765882108,0,0,0,0,0,0
2017-11-18 07:27:11.552675,19.08,56,57,0.75,0.3406534547,0,0,0,0,0,0
2017-11-18 07:27:11.552675,19.08,57,57,0,0.3346781266,0,0,0,0,0,0
2017-11-18 07:27:11.552675,21.08,62,62,0,0.3399451701,0,0,0,0,0,0
2017-11-18 07:27:11.552675,24.08,62,62,0,0.3883244638,0,0,0,0,0,0
2017-11-18 07:27:11.552675,26.08,62,62,0,0.4205773262,0,0,0,0,0,0
2017-11-18 07:27:11.552675,28.08,62,62,0,0.4528301887,0,0,0,0,0,0
2017-11-18 07:27:11.552675,31.08,62,62,0,0.5012094823,0,0,0,0,0,0
2017-11-18 07:27:11.552675,36.08,62,62,0,0.5818416384,0,0,0,0,0,0
2017-11-18 07:27:11.552675,37.08,62,62,0,0.5979680697,0,0,0,0,0,0
2017-11-18 07:27:11.552675,37.08,62,62,0,0.5979680697,0,0,0,0,0,0
2017-11-18 07:27:11.552675,31.08,56,53,-2.25,0.5549009106,0,0,0,0,0,0
2017-11-18 07:27:11.552675,21.08,53,53,0,0.3976608187,0,0,0,0,0,0
2017-11-18 07:27:11.552675,2.08,57,58,0.75,0.0364848272,0,0,0,0,0,0
2017-11-18 07:27:11.552675,2.08,58,58,0,0.0358558869,0,0,0,0,0,0
2017-11-18 07:27:11.552675,2.08,58,56,-1.5,0.0358558869,0,0,0,0,0,0
2017-11-18 07:27:11.552675,2.08,56,56,0,0.0371362257,0,0,0,0,0,0
2017-11-18 07:27:11.552675,2.08,56,56,0,0.0371362257,0,0,0,0,0,0
2017-11-18 07:27:11.552675,6.92,70,71,0.75,0.0988430224,0,0,0,0,0,0
2017-11-18 07:27:11.552675,13.92,73,75,1.5,0.1906588139,1,0,0,0,1,0.25
2017-11-18 07:27:11.552675,21.92,79,80,0.75,0.2774332363,1,0,0,0,1,0.25
2017-11-18 07:27:11.552675,25.92,82,83,0.75,0.3160590172,1,0,0,0,1,0.25
2017-11-18 07:27:11.552675,25.92,84,84,0,0.3085346983,1,0,0,0,1,0.25
2017-11-18 07:27:11.552675,26.92,84,84,0,0.3204380431,1,0,0,0,1,0.25
2017-11-18 07:27:11.552675,26.92,84,84,0,0.3204380431,1,0,0,0,1,0.25
2017-11-18 07:27:11.552675,0.92,81,75,-4.5,0.0113566226,1,0,0,0,1,0.25
2017-11-18 07:27:11.552675,1.08,72,79,5.25,0.014997917,1,0,0,0,1,0.25
2017-11-18 07:27:11.552675,2.08,83,73,-7.5,0.025057222,1,0,0,0,1,0.25
2017-11-18 07:27:11.552675,3.08,61,61,0,0.0504835273,0,0,0,0,0,0
2017-11-18 07:27:11.552675,2.08,58,61,-3,0.0358558869,0,0,0,0,0,0
2017-11-18 07:27:11.552675,0.08,53,53,0,0.0015091492,0,0,0,0,0,0
2017-11-18 07:27:11.552675,2.08,53,53,0,0.0392378796,0,0,0,0,0,0
2017-11-18 07:27:11.552675,2.08,53,53,0,0.0392378796,0,0,0,0,0,0
2017-11-18 07:27:11.552675,1.08,51,51,0,0.0211723192,0,0,0,0,0,0
2017-11-18 07:27:11.552675,2.08,51,51,0,0.0407763184,0,0,0,0,0,0
2017-11-18 07:27:11.552675,2.08,58,60,1.5,0.0358558869,0,0,0,0,0,0
2017-11-18 07:27:11.552675,2.08,64,63,10.5,0.0324949227,0,0,0,0,0,0
2017-11-18 07:27:11.552675,2.08,65,64,0,0.0203901578,0,0,0,0,0,0
2017-11-18 07:27:11.552675,2.08,67,63,0,0.0203901578,0,0,0,0,0,0
2017-11-18 07:27:11.552675,2.08,67,66,0,0.0203901578,0,0,0,0,0,0
2017-11-18 07:27:11.552675,14.92,67,67,0,0.1462601706,0,0,0,0,0,0
2017-11-18 07:27:11.552675,17.92,67,59,-2.25,0.1756690521,0,0,0,0,0,0
2017-11-18 07:27:11.552675,17.08,67,55,-2.25,0.1876716844,0,0,0,0,0,0
2017-11-18 07:27:11.552675,28.08,61,55,0,0.3227215263,0,0,0,0,0,0
2017-11-18 07:27:11.552675,10.08,56,55,0,0.115848753,0,0,0,0,0,0
2017-11-18 07:27:11.552675,2.08,56,55,0,0.0239052982,0,0,0,0,0,0
2017-11-18 07:27:11.552675,7.08,56,54,0,0.0813699575,0,0,0,0,0,0
2017-11-18 07:27:11.552675,3.08,59,54,0,0.0353982301,0,0,0,0,0,0
2017-11-18 07:27:11.552675,2.08,59,53,0,0.0239052982,0,0,0,0,0,0
2017-11-18 07:27:11.552675,2.08,59,54,0,0.0239052982,0,0,0,0,0,0
2017-11-18 07:27:11.552675,2.08,63,57,0,0.0239052982,0,0,0,0,0,0
2017-11-18 07:27:11.552675,2.08,63,56,11.25,0.0239052982,0,0,0,0,0,0
2017-11-18 07:27:11.552675,2.08,63,58,0,0.0203901578,0,0,0,0,0,0
2017-11-18 07:27:11.552675,2.08,67,58,0,0.0214410885,0,0,0,0,0,0
2017-11-18 07:27:11.552675,2.08,68,59,0,0.0214410885,0,0,0,0,0,0
2017-11-18 07:27:11.552675,2.08,66,63,0,0.0214410885,0,0,0,0,0,0
2017-11-18 07:27:11.552675,2.08,69,65,3,0.0212223243,0,0,0,0,0,0
2017-11-18 07:27:11.552675,2.08,66,68,0,0.0203901578,0,0,0,0,0,0
2017-11-18 07:27:11.552675,2.08,62,63,-3,0.0203901578,0,0,0,0,0,0
2017-11-18 07:27:11.552675,2.08,57,62,0,0.0212223243,0,0,0,0,0,0
2017-11-18 07:27:11.552675,2.08,55,69,0,0.0212223243,0,0,0,0,0,0
2017-11-18 07:27:11.552675,2.08,69,68,1.5,0.0207979202,0,0,0,0,0,0
2017-11-18 07:27:11.552675,2.08,59,78,0,0.0203901578,0,0,0,0,0,0
2017-11-18 07:27:11.552675,2.08,59,69,0,0.0203901578,0,0,0,0,0,0
2017-11-18 07:27:11.552675,1.08,59,57,0,0.0105871973,0,0,0,0,0,0
2017-11-18 07:27:11.552675,2.08,58,56,0,0.0203901578,0,0,0,0,0,0
2017-11-18 07:27:11.552675,2.08,59,59,0,0.0203901578,0,0,0,0,0,0
2017-11-18 07:27:11.552675,2.08,59,59,0,0.0203901578,0,0,0,0,0,0
2017-11-18 07:27:11.552675,1.08,59,59,0,0.0105871973,0,0,0,0,0,0
2017-11-18 07:27:11.552675,2.08,59,59,0,0.0203901578,0,0,0,0,0,0
2017-11-18 07:27:11.552675,2.08,59,59,0,0.0203901578,0,0,0,0,0,0
2017-11-18 07:27:11.552675,1.08,59,59,0,0.0105871973,0,0,0,0,0,0
2017-11-18 07:27:11.552675,2.08,59,59,0,0.0203901578,0,0,0,0,0,0
2017-11-18 07:27:11.552675,2.08,59,59,0,0.0203901578,0,0,0,0,0,0
2017-11-18 07:27:11.552675,7.92,59,59,0,0.0776394471,0,0,0,0,0,0
2017-11-18 07:27:11.552675,22.92,59,59,0,0.2246838545,0,0,0,0,0,0
2017-11-18 07:27:11.552675,25.92,76,59,0,0.254092736,0,0,0,0,0,0
2017-11-18 07:27:11.552675,28.92,96,91,-3.75,0.3012186231,1,0,0,0,1,0.25
2017-11-18 07:27:11.552675,27.92,90,90,0,0.3101877569,1,0,0,0,1,0.25
2017-11-18 07:27:11.552675,27.92,89,90,0.75,0.3136726211,1,0,0,0,1,0.25
2017-11-18 07:27:11.552675,27.92,90,90,0,0.3101877569,1,0,0,0,1,0.25
2017-11-18 07:27:11.552675,26.92,90,90,0,0.2990778802,1,0,0,0,1,0.25
2017-11-18 07:27:11.552675,25.92,90,101,8.25,0.2879680036,1,0,0,0,1,0.25
2017-11-18 07:27:11.552675,14.92,102,102,0,0.1462601706,1,0,0,0,1,0.25
2017-11-18 07:27:11.552675,0.08,102,102,0,0.0007842368,1,0,0,0,1,0.25
2017-11-18 07:27:11.552675,2.92,100,98,-1.5,0.0291970803,1,0,0,0,1,0.25
2017-11-18 07:27:11.552675,0.92,98,98,0,0.0093867973,1,0,0,0,1,0.25
2017-11-18 07:27:11.552675,1.08,98,98,0,0.0110192837,1,0,0,0,1,0.25
2017-11-18 07:27:11.552675,1.08,71,98,0,0.0105871973,0,0,0,0,0,0
2017-11-18 07:27:11.552675,1.08,70,71,0,0.0105871973,0,0,0,0,0,0
2017-11-18 07:27:11.552675,1.08,70,68,0,0.0105871973,0,0,0,0,0,0
2017-11-18 07:27:11.552675,1.08,70,67,0,0.0105871973,0,0,0,0,0,0
2017-11-18 07:27:11.552675,1.08,70,69,0,0.0105871973,0,0,0,0,0,0
2017-11-18 07:27:11.552675,2.08,70,70,0,0.0203901578,0,0,0,0,0,0
2017-11-18 07:27:11.552675,1.08,70,70,0,0.0105871973,0,0,0,0,0,0
2017-11-18 07:27:11.552675,4.08,70,93,-6.75,0.0399960788,1,0,0,0,1,0.25
2017-11-18 07:27:11.552675,16.08,79,77,-1.5,0.203518542,1,0,0,0,1,0.25
2017-11-18 07:27:11.552675,17.08,75,74,-0.75,0.2277029729,1,0,0,0,1,0.25
2017-11-18 07:27:11.552675,16.08,73,73,0,0.2202438022,1,0,0,0,1,0.25
2017-11-18 07:27:11.552675,2.08,73,73,0,0.028489248,1,0,0,0,1,0.25
2017-11-18 07:27:11.552675,2.08,73,73,0,0.028489248,1,0,0,0,1,0.25
2017-11-18 07:27:11.552675,0.08,73,73,0,0.0010957403,1,0,0,0,1,0.25
2017-11-18 07:27:11.552675,2.92,73,73,0,0.0399945213,1,0,0,0,1,0.25
2017-11-18 07:27:11.552675,1.08,73,73,0,0.0147924942,1,0,0,0,1,0.25
2017-11-18 07:27:11.552675,2.08,73,73,0,0.028489248,1,0,0,0,1,0.25
2017-11-18 07:27:11.552675,2.08,73,73,0,0.028489248,1,0,0,0,1,0.25
2017-11-18 07:27:11.552675,2.08,73,73,0,0.028489248,1,0,0,0,1,0.25
2017-11-18 07:27:11.552675,1.08,73,73,0,0.0147924942,1,0,0,0,1,0.25
2017-11-18 07:27:11.552675,2.08,73,74,0.75,0.028489248,1,0,0,0,1,0.25
2017-11-18 07:27:11.552675,2.08,69,73,0,0.0203901578,1,0,0,0,1,0.25
2017-11-18 07:27:11.552675,1.08,69,71,0,0.0105871973,1,0,0,0,1,0.25
2017-11-18 07:27:11.552675,2.08,69,69,0,0.0203901578,1,0,0,0,1,0.25
2017-11-18 07:27:11.552675,2.08,69,69,0,0.0203901578,1,0,0,0,1,0.25
2017-11-18 07:27:11.552675,2.08,69,69,0,0.0203901578,1,0,0,0,1,0.25
2017-11-18 07:27:11.552675,2.08,69,69,0,0.0203901578,1,0,0,0,1,0.25
2017-11-18 07:27:11.552675,1.08,69,69,0,0.0105871973,1,0,0,0,1,0.25
2017-11-18 07:27:11.552675,2.08,69,69,-4.5,0.0205920206,1,0,0,0,1,0.25
2017-11-18 07:27:11.552675,2.08,77,71,-1.5,0.0231085435,1,0,0,0,1,0.25
2017-11-18 07:27:11.552675,2.08,86,85,-0.75,0.0241832345,1,0,0,0,1,0.25
2017-11-18 07:27:11.552675,2.08,85,85,0,0.0244677097,1,0,0,0,1,0.25
2017-11-18 07:27:11.552675,10.08,83,80,-2.25,0.1214311529,1,0,0,0,1,0.25
2017-11-18 07:27:11.552675,24.08,79,79,0,0.3047715479,1,0,0,0,1,0.25
2017-11-18 07:27:11.552675,35.08,79,77,-1.5,0.4439944311,1,0,0,0,1,0.25
2017-11-18 07:27:11.552675,32.08,68,64,0,0.4334549385,0,0,0,0,0,0
2017-11-18 07:27:11.552675,35.08,68,67,0,0.4739900014,0,0,0,0,0,0
2017-11-18 07:27:11.552675,40.08,68,67,0,0.5415484394,0,0,0,0,0,0
2017-11-18 07:27:11.552675,40.08,68,67,0,0.5415484394,0,0,0,0,0,0
2017-11-18 07:27:11.552675,40.08,68,68,0,0.5415484394,0,0,0,0,0,0
2017-11-18 07:27:11.552675,41.08,68,68,0,0.555060127,0,0,0,0,0,0
2017-11-18 07:27:11.552675,43.08,69,68,0,0.5820835022,0,0,0,0,0,0
2017-11-18 07:27:11.552675,5.08,64,69,0,0.0686393731,0,0,0,0,0,0
2017-11-18 07:27:11.552675,2.08,65,64,0,0.0281043102,0,0,0,0,0,0
2017-11-18 07:27:11.552675,22.92,66,65,0,0.30968788,0,0,0,0,0,0
2017-11-18 07:27:11.552675,34.92,65,66,0,0.4718281313,0,0,0,0,0,0
2017-11-18 07:27:11.552675,33.92,65,65,0,0.4583164437,0,0,0,0,0,0
2017-11-18 07:27:11.552675,33.92,65,65,0,0.4583164437,0,0,0,0,0,0
2017-11-18 07:27:11.552675,31.92,67,65,0,0.4312930685,0,0,0,0,0,0
2017-11-18 07:27:11.552675,28.92,67,67,0,0.3907580057,0,0,0,0,0,0
2017-11-18 07:27:11.552675,6,67,67,0,0.3907580057,0,0,0,0,0,0
2017-11-18 07:27:11.552675,3.92,67,67,0,0.0529658154,0,0,0,0,0,0
2017-11-18 07:27:11.552675,2.08,66,67,0,0.0281043102,0,0,0,0,0,0
2017-11-18 07:27:11.552675,2.08,67,66,0,0.0281043102,0,0,0,0,0,0
2017-11-18 07:27:11.552675,2.08,66,67,0,0.0233681609,0,0,0,0,0,0
2017-11-18 07:27:11.552675,3.08,64,66,0,0.0346028536,0,0,0,0,0,0
2017-11-18 07:27:11.552675,2.08,62,57,-3.75,0.0335429769,0,0,0,0,0,0
2017-11-18 07:27:11.552675,2.08,58,58,0,0.0358558869,0,0,0,0,0,0
2017-11-18 07:27:11.552675,3.08,58,58,0,0.0530942941,0,0,0,0,0,0
2017-11-18 07:27:11.552675,2.08,58,58,0,0.0358558869,0,0,0,0,0,0
2017-11-18 07:27:11.552675,2.08,58,58,0,0.0358558869,0,0,0,0,0,0
2017-11-18 07:27:11.552675,19.92,58,58,0,0.3433890708,0,0,0,0,0,0
2017-11-18 07:27:11.552675,2.08,58,58,0,0.0358558869,0,0,0,0,0,0
2017-11-18 07:27:11.552675,24.08,58,58,0,0.4151008447,0,0,0,0,0,0
2017-11-18 07:27:11.552675,48.08,58,58,0,0.8288226168,0,0,0,0,0,0
2017-11-18 07:27:11.552675,8.08,58,58,0,0.1392863299,0,0,0,0,0,0
2017-11-18 07:27:11.552675,2.08,58,58,0,0.0358558869,0,0,0,0,0,0
2017-11-18 07:27:11.552675,2.08,59,63,3,0.035248263,0,0,0,0,0,0
2017-11-18 07:27:11.552675,2.08,64,64,0,0.0324949227,0,0,0,0,0,0
2017-11-18 07:27:11.552675,2.08,63,59,-3,0.0330106332,0,0,0,0,0,0
2017-11-18 07:27:11.552675,2.08,58,58,0,0.0358558869,0,0,0,0,0,0
2017-11-18 07:27:11.552675,1.08,58,58,0,0.0186174797,0,0,0,0,0,0
2017-11-18 07:27:11.552675,30.92,58,58,0,0.5330115497,0,0,0,0,0,0
2017-11-18 07:27:11.552675,4.92,58,58,0,0.0848129633,0,0,0,0,0,0
2017-11-18 07:27:11.552675,2.08,58,58,0,0.0358558869,0,0,0,0,0,0
2017-11-18 07:27:11.552675,2.08,58,58,0,0.0358558869,0,0,0,0,0,0
2017-11-18 07:27:11.552675,45.08,58,58,0,0.7771073953,0,0,0,0,0,0
2017-11-18 07:27:11.552675,7.08,58,58,0,0.1220479228,0,0,0,0,0,0
2017-11-18 07:27:11.552675,2.08,58,58,0,0.0358558869,0,0,0,0,0,0
2017-11-18 07:27:11.552675,2.08,58,58,0,0.0358558869,0,0,0,0,0,0
2017-11-18 07:27:11.552675,2.08,58,58,0,0.0358558869,0,0,0,0,0,0
2017-11-18 07:27:11.552675,1.08,58,58,0,0.0186174797,0,0,0,0,0,0
2017-11-18 07:27:11.552675,2.08,58,58,0,0.0358558869,0,0,0,0,0,0
2017-11-18 07:27:11.552675,2.08,58,56,-1.5,0.0358558869,0,0,0,0,0,0
2017-11-18 07:27:11.552675,2.08,52,52,0,0.0399923092,0,0,0,0,0,0
2017-11-18 07:27:11.552675,2.08,52,52,0,0.0399923092,0,0,0,0,0,0
2017-11-18 07:27:11.552675,2.08,52,52,0,0.0399923092,0,0,0,0,0,0
2017-11-18 07:27:11.552675,5.92,52,52,0,0.1138242646,0,0,0,0,0,0
2017-11-18 07:27:11.552675,28.92,52,52,0,0.5560469141,0,0,0,0,0,0
2017-11-18 07:27:11.552675,1.08,52,52,0,0.0207652375,0,0,0,0,0,0
2017-11-18 07:27:11.552675,0.92,52,52,0,0.017688906,0,0,0,0,0,0
2017-11-18 07:27:11.552675,5.92,52,52,0,0.1138242646,0,0,0,0,0,0
2017-11-18 07:27:11.552675,2.08,52,52,0,0.0399923092,0,0,0,0,0,0
2017-11-18 07:27:11.552675,2.08,52,52,0,0.0399923092,0,0,0,0,0,0
2017-11-18 07:27:11.552675,15.08,52,52,0,0.2899442415,0,0,0,0,0,0
2017-11-18 07:27:11.552675,24.08,52,52,0,0.4629878869,0,0,0,0,0,0
2017-11-18 07:27:11.552675,2.08,52,52,0,0.0399923092,0,0,0,0,0,0
2017-11-18 07:27:11.552675,2.08,52,51,-0.75,0.0399923092,0,0,0,0,0,0
2017-11-18 07:27:11.552675,25.08,47,47,0,0.5335035099,0,0,0,0,0,0
2017-11-18 07:27:11.552675,50.08,45,45,0,1.1126416352,0,0,0,0,0,0
2017-11-18 07:27:11.552675,38.08,44,38,-4.5,0.8652578959,0,0,0,0,0,0
2017-11-18 07:27:11.552675,49.08,22,17,-3.75,2.229895502,0,0,0,1,1,0.25
2017-11-18 07:27:11.552675,50.08,15,15,0,3.3364423718,0,0,0,1,1,0.25
2017-11-18 07:27:11.552675,48.08,14,14,0,3.431834404,0,0,0,1,1,0.25
2017-11-18 07:27:11.552675,42.08,14,14,0,3.0035688794,0,0,0,1,1,0.25
2017-11-18 07:27:11.552675,33.92,14,14,0,2.4211277659,0,0,0,1,1,0.25
2017-11-18 07:27:11.552675,1.92,14,14,0,0.1370449679,0,0,0,0,0,0
2017-11-18 07:27:11.552675,2.08,14,14,0,0.1484653819,0,0,0,0,0,0
2017-11-18 07:27:11.552675,19.92,14,14,0,1.4218415418,0,0,0,0,0,0
2017-11-18 07:27:11.552675,2.92,14,14,0,0.2084225553,0,0,0,0,0,0
2017-11-18 07:27:11.552675,2.08,14,14,0,0.1484653819,0,0,0,0,0,0
2017-11-18 07:27:11.552675,2.08,14,14,0,0.1484653819,0,0,0,0,0,0
2017-11-18 07:27:11.552675,2.08,14,14,0,0.1484653819,0,0,0,0,0,0
2017-11-18 07:27:11.552675,20.92,14,14,0,1.4932191292,0,0,0,0,0,0
2017-11-18 07:27:11.552675,26.92,14,14,0,1.9214846538,0,0,0,0,0,0
2017-11-18 07:27:11.552675,23.92,18,20,1.5,1.3281510272,0,0,0,0,0,0
2017-11-18 07:27:11.552675,22.92,19,17,-1.5,1.2056812204,0,0,0,0,0,0
2017-11-18 07:27:11.552675,18.92,21,35,10.5,0.9005235602,0,0,0,0,0,0
2017-11-18 07:27:11.552675,2.08,51,50,-0.75,0.0407763184,0,0,0,0,0,0
2017-11-18 07:27:11.552675,1.08,50,50,0,0.0215956809,0,0,0,0,0,0
2017-11-18 07:27:11.552675,2.08,42,39,-2.25,0.0495120209,0,0,0,0,0,0
2017-11-18 07:27:11.552675,2.08,38,38,0,0.0547224415,0,0,0,0,0,0
2017-11-18 07:27:11.552675,2.08,38,38,0,0.0547224415,0,0,0,0,0,0
2017-11-18 07:27:11.552675,2.08,30,24,-4.5,0.0693102299,0,0,0,0,0,0
2017-11-18 07:27:11.552675,23.08,17,12,-3.75,1.3568489124,0,0,0,0,0,0
2017-11-18 07:27:11.552675,2.08,21,30,6.75,0.099000476,0,0,0,0,0,0
2017-11-18 07:27:11.552675,2.08,41,43,1.5,0.0507193367,0,0,0,0,0,0
2017-11-18 07:27:11.552675,3.08,46,46,0,0.0669419691,0,0,0,0,0,0
2017-11-18 07:27:11.552675,2.08,46,46,0,0.0452075636,0,0,0,0,0,0
2017-11-18 07:27:11.552675,2.08,46,45,-0.75,0.0452075636,0,0,0,0,0,0
2017-11-18 07:27:11.552675,2.08,34,34,0,0.0611584828,0,0,0,0,0,0
2017-11-18 07:27:11.552675,2.08,34,34,0,0.0611584828,0,0,0,0,0,0
2017-11-18 07:27:11.552675,2.08,34,34,0,0.0611584828,0,0,0,0,0,0
2017-11-18 07:27:11.552675,2.08,43,46,2.25,0.0483608463,0,0,0,0,0,0
2017-11-18 07:27:11.552675,2.08,46,46,0,0.0452075636,0,0,0,0,0,0
2017-11-18 07:27:11.552675,2.08,46,46,0,0.0452075636,0,0,0,0,0,0
2017-11-18 07:27:11.552675,17.92,55,58,2.25,0.3257589529,0,0,0,0,0,0
2017-11-18 07:27:11.552675,30.92,58,58,0,0.5330115497,0,0,0,0,0,0
2017-11-18 07:27:11.552675,0.08,57,55,-1.5,0.0014032626,0,0,0,0,0,0
2017-11-18 07:27:11.552675,2.08,53,53,0,0.0392378796,0,0,0,0,0,0
2017-11-18 07:27:11.552675,2.08,53,53,0,0.0392378796,0,0,0,0,0,0
2017-11-18 07:27:11.552675,2.08,53,53,0,0.0392378796,0,0,0,0,0,0
2017-11-18 07:27:11.552675,2.08,53,53,0,0.0392378796,0,0,0,0,0,0
2017-11-18 07:27:11.552675,2.08,53,53,0,0.0392378796,0,0,0,0,0,0
2017-11-18 07:27:11.552675,2.08,70,77,5.25,0.0297100414,0,0,0,0,0,0
2017-11-18 07:27:11.552675,2.08,77,82,3.75,0.0270094793,1,0,0,0,1,0.25
2017-11-18 07:27:11.552675,2.08,89,91,1.5,0.0233681609,1,0,0,0,1,0.25
2017-11-18 07:27:11.552675,2.08,94,95,0.75,0.0221253058,1,0,0,0,1,0.25
2017-11-18 07:27:11.552675,2.08,95,95,0,0.0218924324,1,0,0,0,1,0.25
2017-11-18 07:27:11.552675,2.08,95,95,0,0.0218924324,1,0,0,0,1,0.25
2017-11-18 07:27:11.552675,2.08,95,95,0,0.0218924324,1,0,0,0,1,0.25
2017-11-18 07:27:11.552675,31.92,95,78,-12.75,0.3359646353,1,0,0,0,1,0.25
2017-11-18 07:27:11.552675,36.92,69,67,-1.5,0.5349949283,0,0,0,0,0,0
2017-11-18 07:27:11.552675,36.92,67,67,0,0.5509625429,0,0,0,0,0,0
2017-11-18 07:27:11.552675,36.92,67,67,0,0.5509625429,0,0,0,0,0,0
2017-11-18 07:27:11.552675,15.92,67,67,0,0.2375764811,0,0,0,0,0,0
2017-11-18 07:27:11.552675,2.08,67,67,0,0.0310401433,0,0,0,0,0,0
2017-11-18 07:27:11.552675,2.08,67,67,0,0.0310401433,0,0,0,0,0,0
2017-11-18 07:27:11.552675,6.08,67,67,0,0.0907327265,0,0,0,0,0,0
2017-11-18 07:27:11.552675,22.08,67,67,0,0.3295030592,0,0,0,0,0,0
2017-11-18 07:27:11.552675,39.08,67,67,0,0.5831965378,0,0,0,0,0,0
2017-11-18 07:27:11.552675,16.08,67,67,0,0.2399641845,0,0,0,0,0,0
2017-11-18 07:27:11.552675,2.08,81,85,3,0.0256758425,1,0,0,0,1,0.25
2017-11-18 07:27:11.552675,2.08,102,102,0,0.0203901578,1,0,0,0,1,0.25
2017-11-18 07:27:11.552675,2.08,102,102,0,0.0203901578,1,0,0,0,1,0.25
2017-11-18 07:27:11.552675,2.08,102,102,0,0.0203901578,1,0,0,0,1,0.25
2017-11-18 07:27:11.552675,2.08,102,99,-2.25,0.0203901578,1,0,0,0,1,0.25
2017-11-18 07:27:11.552675,2.08,85,83,-1.5,0.0244677097,1,0,0,0,1,0.25
2017-11-18 07:27:11.552675,2.08,82,82,0,0.0253627606,1,0,0,0,1,0.25
2017-11-18 07:27:11.552675,15.92,82,82,0,0.194122668,1,0,0,0,1,0.25
2017-11-18 07:27:11.552675,2.08,82,82,0,0.0253627606,1,0,0,0,1,0.25
2017-11-18 07:27:11.552675,11.92,82,80,-1.5,0.1453481283,1,0,0,0,1,0.25
2017-11-18 07:27:11.552675,14.92,74,72,-1.5,0.2015943791,1,0,0,0,1,0.25
2017-11-18 07:27:11.552675,5.92,69,67,-1.5,0.0857846689,0,0,0,0,0,0
2017-11-18 07:27:11.552675,3.92,63,60,-2.25,0.0622123472,0,0,0,0,0,0
2017-11-18 07:27:11.552675,3.92,58,54,-3,0.0675745561,0,0,0,0,0,0
2017-11-18 07:27:11.552675,5.92,47,46,-0.75,0.1259306531,0,0,0,0,0,0
2017-11-18 07:27:11.552675,16.92,46,46,0,0.3677461421,0,0,0,0,0,0
2017-11-18 07:27:11.552675,1.08,46,46,0,0.023473158,0,0,0,0,0,0
2017-11-18 07:27:11.552675,5.08,45,40,-3.75,0.112863808,0,0,0,0,0,0
2017-11-18 07:27:11.552675,35.08,33,33,0,1.0627082702,0,0,0,0,0,0
2017-11-18 07:27:11.552675,43.08,27,19,-6,1.5949648278,0,0,0,0,0,0
2017-11-18 07:27:11.552675,44.08,15,14,-0.75,2.9367088608,0,0,0,1,1,0.25
2017-11-18 07:27:11.552675,45.08,14,14,0,3.2177016417,0,0,0,1,1,0.25
2017-11-18 07:27:11.552675,44.08,14,14,0,3.1463240542,0,0,0,1,1,0.25
2017-11-18 07:27:11.552675,43.08,14,14,0,3.0749464668,0,0,0,1,1,0.25
2017-11-18 07:27:11.552675,10.08,14,14,0,0.7194860814,0,0,0,0,0,0
2017-11-18 07:27:11.552675,2.08,14,14,0,0.1484653819,0,0,0,0,0,0
2017-11-18 07:27:11.552675,3.08,14,14,0,0.2198429693,0,0,0,0,0,0
2017-11-18 07:27:11.552675,2.08,14,14,0,0.1484653819,0,0,0,0,0,0
2017-11-18 07:27:11.552675,2.08,14,14,0,0.1484653819,0,0,0,0,0,0
2017-11-18 07:27:11.552675,2.08,14,14,0,0.1484653819,0,0,0,0,0,0
2017-11-18 07:27:11.552675,2.08,16,22,4.5,0.1299188007,0,0,0,0,0,0
2017-11-18 07:27:11.552675,2.08,25,29,3,0.0831667333,0,0,0,0,0,0
2017-11-18 07:27:11.552675,2.08,34,34,0,0.0611584828,0,0,0,0,0,0
2017-11-18 07:27:11.552675,2.08,36,39,2.25,0.0577617329,0,0,0,0,0,0
2017-11-18 07:27:11.552675,2.08,39,39,0,0.0533196616,0,0,0,0,0,0
2017-11-18 07:27:11.552675,2.08,39,39,0,0.0533196616,0,0,0,0,0,0
2017-11-18 07:27:11.552675,2.08,46,46,0,0.0452075636,0,0,0,0,0,0
2017-11-18 07:27:11.552675,2.08,39,31,-6,0.0533196616,0,0,0,0,0,0
2017-11-18 07:27:11.552675,2.08,28,23,-3.75,0.0742591931,0,0,0,0,0,0
2017-11-18 07:27:11.552675,2.08,18,18,0,0.1154913937,0,0,0,0,0,0
2017-11-18 07:27:11.552675,2.08,19,22,2.25,0.1094160968,0,0,0,0,0,0
2017-11-18 07:27:11.552675,2.08,27,32,3.75,0.0770085154,0,0,0,0,0,0
2017-11-18 07:27:11.552675,2.08,32,32,0,0.0649796938,0,0,0,0,0,0
2017-11-18 07:27:11.552675,3.08,34,34,0,0.0905615995,0,0,0,0,0,0
2017-11-18 07:27:11.552675,2.08,34,34,0,0.0611584828,0,0,0,0,0,0
2017-11-18 07:27:11.552675,2.08,34,34,0,0.0611584828,0,0,0,0,0,0
2017-11-18 07:27:11.552675,2.08,34,34,0,0.0611584828,0,0,0,0,0,0
2017-11-18 07:27:11.552675,2.08,34,34,0,0.0611584828,0,0,0,0,0,0
2017-11-18 07:27:11.552675,2.08,40,42,1.5,0.0519870032,0,0,0,0,0,0
2017-11-18 07:27:11.552675,2.08,42,43,0.75,0.0495120209,0,0,0,0,0,0
2017-11-18 07:27:11.552675,2.08,49,41,-6,0.0424403183,0,0,0,0,0,0
2017-11-18 07:27:11.552675,2.08,40,40,0,0.0519870032,0,0,0,0,0,0
2017-11-18 07:27:11.552675,2.08,40,40,0,0.0519870032,0,0,0,0,0,0
2017-11-18 07:27:11.552675,2.08,47,47,0,0.0442459051,0,0,0,0,0,0
2017-11-18 07:27:11.552675,2.08,39,36,-2.25,0.0533196616,0,0,0,0,0,0
2017-11-18 07:27:11.552675,2.08,30,30,0,0.0693102299,0,0,0,0,0,0
2017-11-18 07:27:11.552675,15.92,32,42,7.5,0.4973445798,0,0,0,0,0,0
2017-11-18 07:27:11.552675,38.92,48,48,0,0.8106644449,0,0,0,0,0,0
2017-11-18 07:27:11.552675,1.08,43,42,-0.75,0.0251104394,0,0,0,0,0,0
2017-11-18 07:27:11.552675,2.08,42,42,0,0.0495120209,0,0,0,0,0,0
2017-11-18 07:27:11.552675,2.08,39,39,0,0.0533196616,0,0,0,0,0,0
2017-11-18 07:27:11.552675,45.92,38,35,-2.25,1.2081031308,0,0,0,0,0,0
2017-11-18 07:27:11.552675,43.92,33,33,0,1.3305059073,0,0,0,0,0,0
2017-11-18 07:27:11.552675,4.92,43,47,3,0.1143920019,0,0,0,0,0,0
2017-11-18 07:27:11.552675,14.08,49,49,0,0.2872883085,0,0,0,0,0,0
2017-11-18 07:27:11.552675,2.08,49,49,0,0.0424403183,0,0,0,0,0,0
2017-11-18 07:27:11.552675,1.08,49,49,0,0.0220363191,0,0,0,0,0,0
2017-11-18 07:27:11.552675,2.08,49,49,0,0.0424403183,0,0,0,0,0,0
2017-11-18 07:27:11.552675,2.08,49,49,0,0.0424403183,0,0,0,0,0,0
2017-11-18 07:27:11.552675,2.08,49,51,1.5,0.0424403183,0,0,0,0,0,0
2017-11-18 07:27:11.552675,2.08,68,68,0,0.0305837377,0,0,0,0,0,0
2017-11-18 07:27:11.552675,2.08,68,68,0,0.0305837377,0,0,0,0,0,0
2017-11-18 07:27:11.552675,2.08,68,80,9,0.0305837377,0,0,0,0,0,0
2017-11-18 07:27:11.552675,1.08,95,95,0,0.0113672245,1,0,0,0,1,0.25
2017-11-18 07:27:11.552675,2.08,95,95,0,0.0218924324,1,0,0,0,1,0.25
2017-11-18 07:27:11.552675,2.08,95,95,0,0.0218924324,1,0,0,0,1,0.25
2017-11-18 07:27:11.552675,9.92,95,95,0,0.1044100621,1,0,0,0,1,0.25
2017-11-18 07:27:11.552675,44.92,95,95,0,0.4727923376,1,0,0,0,1,0.25
2017-11-18 07:27:11.552675,6.92,95,95,0,0.0728344385,1,0,0,0,1,0.25
2017-11-18 07:27:11.552675,4.08,95,95,0,0.0429428481,1,0,0,0,1,0.25
2017-11-18 07:27:11.552675,23.08,95,95,0,0.2429217977,1,0,0,0,1,0.25
2017-11-18 07:27:11.552675,54.08,95,95,0,0.5692032418,1,0,0,0,1,0.25
2017-11-18 07:27:11.552675,54.08,95,95,0,0.5692032418,1,0,0,0,1,0.25
2017-11-18 07:27:11.552675,58.08,95,95,0,0.6113040733,1,0,0,0,1,0.25
2017-11-18 07:27:11.552675,57.08,95,95,0,0.6007788654,1,0,0,0,1,0.25
2017-11-18 07:27:11.552675,3.08,95,94,-0.75,0.0324176402,1,0,0,0,1,0.25
2017-11-18 07:27:11.552675,2.08,80,80,0,0.0259967504,1,0,0,0,1,0.25
2017-11-18 07:27:11.552675,2.08,80,79,-0.75,0.0259967504,1,0,0,0,1,0.25
2017-11-18 07:27:11.552675,2.08,72,70,-1.5,0.0288848771,1,0,0,0,1,0.25
2017-11-18 07:27:11.552675,2.08,68,68,0,0.0305837377,0,0,0,0,0,0
2017-11-18 07:27:11.552675,2.08,64,62,-1.5,0.0324949227,0,0,0,0,0,0
2017-11-18 07:27:11.552675,2.08,59,59,0,0.035248263,0,0,0,0,0,0
2017-11-18 07:27:11.552675,2.08,59,58,-0.75,0.035248263,0,0,0,0,0,0
2017-11-18 07:27:11.552675,2.08,48,47,-0.75,0.0433243074,0,0,0,0,0,0
2017-11-18 07:27:11.552675,2.08,44,40,-3,0.0472619859,0,0,0,0,0,0
2017-11-18 07:27:11.552675,2.08,37,37,0,0.0562010267,0,0,0,0,0,0
2017-11-18 07:27:11.552675,2.08,33,30,-2.25,0.0630112087,0,0,0,0,0,0
2017-11-18 07:27:11.552675,2.08,26,22,-3,0.0799692426,0,0,0,0,0,0
2017-11-18 07:27:11.552675,3.08,21,22,0.75,0.1465968586,0,0,0,0,0,0
2017-11-18 07:27:11.552675,2.08,26,26,0,0.0799692426,0,0,0,0,0,0
2017-11-18 07:27:11.552675,2.08,26,26,0,0.0799692426,0,0,0,0,0,0
2017-11-18 07:27:11.552675,2.08,26,26,0,0.0799692426,0,0,0,0,0,0
2017-11-18 07:27:11.552675,2.08,26,26,0,0.0799692426,0,0,0,0,0,0
2017-11-18 07:27:11.552675,2.08,28,28,0,0.0742591931,0,0,0,0,0,0
2017-11-18 07:27:11.552675,2.08,28,28,0,0.0742591931,0,0,0,0,0,0
2017-11-18 07:27:11.552675,2.08,30,36,4.5,0.0693102299,0,0,0,0,0,0
2017-11-18 07:27:11.552675,2.08,38,38,0,0.0547224415,0,0,0,0,0,0
2017-11-18 07:27:11.552675,2.08,39,41,1.5,0.0533196616,0,0,0,0,0,0
2017-11-18 07:27:11.552675,0.08,40,40,0,0.0019995001,0,0,0,0,0,0
2017-11-18 07:27:11.552675,47.92,40,40,0,1.1977005749,0,0,0,0,0,0
2017-11-18 07:27:11.552675,41.92,40,40,0,1.0477380655,0,0,0,0,0,0
2017-11-18 07:27:11.552675,2.08,40,40,0,0.0519870032,0,0,0,0,0,0
2017-11-18 07:27:11.552675,2.08,40,40,0,0.0519870032,0,0,0,0,0,0
2017-11-18 07:27:11.552675,2.08,39,35,-3,0.0533196616,0,0,0,0,0,0
2017-11-18 07:27:11.552675,2.08,29,29,0,0.071699414,0,0,0,0,0,0
2017-11-18 07:27:11.552675,2.08,29,29,0,0.071699414,0,0,0,0,0,0
2017-11-18 07:27:11.552675,2.08,29,29,0,0.071699414,0,0,0,0,0,0
2017-11-18 07:27:11.552675,2.08,34,35,0.75,0.0611584828,0,0,0,0,0,0
2017-11-18 07:27:11.552675,11.92,35,35,0,0.3404741502,0,0,0,0,0,0
2017-11-18 07:27:11.552675,22.92,34,29,-3.75,0.6739194355,0,0,0,0,0,0
2017-11-18 07:27:11.552675,1.08,27,27,0,0.0399851907,0,0,0,0,0,0
2017-11-18 07:27:11.552675,2.08,48,50,1.5,0.0433243074,0,0,0,0,0,0
2017-11-18 07:27:11.552675,2.08,50,53,2.25,0.0415916817,0,0,0,0,0,0
2017-11-18 07:27:11.552675,1.08,55,55,0,0.019632794,0,0,0,0,0,0
2017-11-18 07:27:11.552675,2.08,55,55,0,0.037811307,0,0,0,0,0,0
2017-11-18 07:27:11.552675,14.08,48,44,-3,0.293272235,0,0,0,0,0,0
2017-11-18 07:27:11.552675,9.08,44,44,0,0.2063167462,0,0,0,0,0,0
2017-11-18 07:27:11.552675,13.08,45,48,2.25,0.2906020884,0,0,0,0,0,0
2017-11-18 07:27:11.552675,2.08,48,47,-0.75,0.0433243074,0,0,0,0,0,0
2017-11-18 07:27:11.552675,3.08,18,17,-0.75,0.1710161022,0,0,0,0,0,0
2017-11-18 07:27:11.552675,37.08,17,17,0,2.1798941799,0,0,0,1,1,0.25
2017-11-18 07:27:11.552675,29.08,17,20,2.25,1.7095825985,0,0,0,0,0,0
2017-11-18 07:27:11.552675,2.08,33,33,0,0.0630112087,0,0,0,0,0,0
2017-11-18 07:27:11.552675,2.08,33,34,0.75,0.0630112087,0,0,0,0,0,0
2017-11-18 07:27:11.552675,2.08,35,35,0,0.0594115967,0,0,0,0,0,0
2017-11-18 07:27:11.552675,3.92,36,37,0.75,0.1088586504,0,0,0,0,0,0
2017-11-18 07:27:11.552675,35.92,41,42,0.75,0.8758839307,0,0,0,0,0,0
2017-11-18 07:27:11.552675,7.92,42,36,-4.5,0.1885265413,0,0,0,0,0,0
2017-11-18 07:27:11.552675,2.08,32,32,0,0.0649796938,0,0,0,0,0,0
2017-11-18 07:27:11.552675,2.08,32,32,0,0.0649796938,0,0,0,0,0,0
2017-11-18 07:27:11.552675,2.08,32,32,0,0.0649796938,0,0,0,0,0,0
2017-11-18 07:27:11.552675,2.08,32,32,0,0.0649796938,0,0,0,0,0,0
2017-11-18 07:27:11.552675,2.08,32,32,0,0.0649796938,0,0,0,0,0,0
2017-11-18 07:27:11.552675,2.08,32,32,0,0.0649796938,0,0,0,0,0,0
2017-11-18 07:27:11.552675,2.08,32,32,0,0.0649796938,0,0,0,0,0,0
2017-11-18 07:27:11.552675,2.08,32,32,0,0.0649796938,0,0,0,0,0,0
2017-11-18 07:27:11.552675,2.08,32,32,0,0.0649796938,0,0,0,0,0,0
2017-11-18 07:27:11.552675,2.08,33,36,2.25,0.0630112087,0,0,0,0,0,0
2017-11-18 07:27:11.552675,32.92,39,39,0,0.843886183,0,0,0,0,0,0
2017-11-18 07:27:11.552675,7.92,39,39,0,0.2030248654,0,0,0,0,0,0
2017-11-18 07:27:11.552675,2.08,31,28,-2.25,0.0670751371,0,0,0,0,0,0
2017-11-18 07:27:11.552675,2.08,0,20,15,208,0,1,0,1,1,0.5
2017-11-18 07:27:11.552675,2.08,47,47,0,0.0442459051,0,0,0,0,0,0
2017-11-18 07:27:11.552675,2.08,70,69,0,0.028489248,0,0,0,0,0,0
2017-11-18 07:27:11.552675,2.08,70,68,0,0.028489248,0,0,0,0,0,0
2017-11-18 07:27:11.552675,2.08,70,67,0,0.028489248,0,0,0,0,0,0
2017-11-18 07:27:11.552675,2.08,70,69,0,0.028489248,0,0,0,0,0,0
2017-11-18 07:27:11.552675,19.92,70,68,0,0.2728393371,0,0,0,0,0,0
2017-11-18 07:27:11.552675,34.92,70,69,0,0.4782906451,0,0,0,0,0,0
2017-11-18 07:27:11.552675,28.92,70,70,0,0.3961101219,0,0,0,0,0,0
2017-11-18 07:27:11.552675,2.08,70,70,0,0.028489248,0,0,0,0,0,0
2017-11-18 07:27:11.552675,43.08,70,70,0,0.5900561567,0,0,0,0,0,0
2017-11-18 07:27:11.552675,38.08,70,70,0,0.5215723873,0,0,0,0,0,0
2017-11-18 07:27:11.552675,38.08,70,70,0,0.5215723873,0,0,0,0,0,0
2017-11-18 07:27:11.552675,12.08,70,70,0,0.1654567867,0,0,0,0,0,0
2017-11-18 07:27:11.552675,17.08,70,70,0,0.2339405561,0,0,0,0,0,0
2017-11-18 07:27:11.552675,18.08,70,70,0,0.24763731,0,0,0,0,0,0
2017-11-18 07:27:11.552675,16.08,71,71,0,0.2202438022,1,0,0,0,1,0.25
2017-11-18 07:27:11.552675,2.08,73,68,-3.75,0.028489248,1,0,0,0,1,0.25
2017-11-18 07:27:11.552675,2.08,66,66,0,0.0315103772,0,0,0,0,0,0
2017-11-18 07:27:11.552675,2.08,65,64,-0.75,0.0319950777,0,0,0,0,0,0
2017-11-18 07:27:11.552675,2.08,60,56,-3,0.0346608899,0,0,0,0,0,0
2017-11-18 07:27:11.552675,2.08,56,56,0,0.0371362257,0,0,0,0,0,0
2017-11-18 07:27:11.552675,2.08,56,55,-0.75,0.0371362257,0,0,0,0,0,0
2017-11-18 07:27:11.552675,2.08,51,49,-1.5,0.0407763184,0,0,0,0,0,0
2017-11-18 07:27:11.552675,2.08,48,47,-0.75,0.0433243074,0,0,0,0,0,0
2017-11-18 07:27:11.552675,2.08,46,46,0,0.0452075636,0,0,0,0,0,0
2017-11-18 07:27:11.552675,2.08,46,45,-0.75,0.0452075636,0,0,0,0,0,0
2017-11-18 07:27:11.552675,2.08,42,40,-1.5,0.0495120209,0,0,0,0,0,0
2017-11-18 07:27:11.552675,2.08,40,40,0,0.0519870032,0,0,0,0,0,0
2017-11-18 07:27:11.552675,2.08,40,40,0,0.0519870032,0,0,0,0,0,0
2017-11-18 07:27:11.552675,2.08,39,36,-2.25,0.0533196616,0,0,0,0,0,0
2017-11-18 07:27:11.552675,2.08,36,36,0,0.0577617329,0,0,0,0,0,0
2017-11-18 07:27:11.552675,2.08,36,34,-1.5,0.0577617329,0,0,0,0,0,0
2017-11-18 07:27:11.552675,2.08,32,31,-0.75,0.0649796938,0,0,0,0,0,0
2017-11-18 07:27:11.552675,2.08,28,26,-1.5,0.0742591931,0,0,0,0,0,0
2017-11-18 07:27:11.552675,2.08,22,22,0,0.0945024989,0,0,0,0,0,0
2017-11-18 07:27:11.552675,2.08,18,18,0,0.1154913937,0,0,0,0,0,0
2017-11-18 07:27:11.552675,2.08,18,18,0,0.1154913937,0,0,0,0,0,0
2017-11-18 07:27:11.552675,2.08,18,18,0,0.1154913937,0,0,0,0,0,0
2017-11-18 07:27:11.552675,2.08,21,25,3,0.099000476,0,0,0,0,0,0
2017-11-18 07:27:11.552675,2.08,31,39,6,0.0670751371,0,0,0,0,0,0
2017-11-18 07:27:11.552675,2.08,49,52,2.25,0.0424403183,0,0,0,0,0,0
2017-11-18 07:27:11.552675,2.08,52,52,0,0.0399923092,0,0,0,0,0,0
2017-11-18 07:27:11.552675,2.08,54,59,3.75,0.0385113868,0,0,0,0,0,0
2017-11-18 07:27:11.552675,1.08,65,65,0,0.0166128288,0,0,0,0,0,0
2017-11-18 07:27:11.552675,49.92,65,65,0,0.7678818643,0,0,0,0,0,0
2017-11-18 07:27:11.552675,50.92,65,65,0,0.7832641132,0,0,0,0,0,0
2017-11-18 07:27:11.552675,42.92,65,65,0,0.6602061221,0,0,0,0,0,0
2017-11-18 07:27:11.552675,35.92,65,65,0,0.5525303799,0,0,0,0,0,0
2017-11-18 07:27:11.552675,33.92,65,65,0,0.5217658822,0,0,0,0,0,0
2017-11-18 07:27:11.552675,34.92,65,65,0,0.5371481311,0,0,0,0,0,0
2017-11-18 07:27:11.552675,36.92,65,65,0,0.5679126288,0,0,0,0,0,0
2017-11-18 07:27:11.552675,16.92,64,59,-3.75,0.2643336979,0,0,0,0,0,0
2017-11-18 07:27:11.552675,2.08,54,54,0,0.0385113868,0,0,0,0,0,0
2017-11-18 07:27:11.552675,23.92,54,54,0,0.442880948,0,0,0,0,0,0
2017-11-18 07:27:11.552675,2.08,59,86,20.25,0.035248263,0,0,0,0,0,0
2017-11-18 07:27:11.552675,2.08,90,90,0,0.0231085435,1,0,0,0,1,0.25
2017-11-18 07:27:11.552675,2.08,90,90,0,0.0231085435,1,0,0,0,1,0.25
2017-11-18 07:27:11.552675,2.08,88,83,-3.75,0.023633678,1,0,0,0,1,0.25
2017-11-18 07:27:11.552675,2.08,68,62,-4.5,0.0305837377,0,0,0,0,0,0
2017-11-18 07:27:11.552675,3.08,57,55,-1.5,0.0540256095,0,0,0,0,0,0
2017-11-18 07:27:11.552675,31.08,51,49,-1.5,0.6092922956,0,0,0,0,0,0
2017-11-18 07:27:11.552675,31.08,49,49,0,0.6341562946,0,0,0,0,0,0
2017-11-18 07:27:11.552675,36.08,49,49,0,0.7361762906,0,0,0,0,0,0
2017-11-18 07:27:11.552675,4.08,49,55,4.5,0.0832483167,0,0,0,0,0,0
2017-11-18 07:27:11.552675,2.08,61,61,0,0.0340927717,0,0,0,0,0,0
2017-11-18 07:27:11.552675,12.92,61,61,0,0.2117685625,0,0,0,0,0,0
2017-11-18 07:27:11.552675,42.92,65,65,0,0.6602061221,0,0,0,0,0,0
2017-11-18 07:27:11.552675,49.92,62,55,-5.25,0.8050314465,0,0,0,0,0,0
2017-11-18 07:27:11.552675,50.92,55,55,0,0.9256498818,0,0,0,0,0,0
2017-11-18 07:27:11.552675,50.92,55,55,0,0.9256498818,0,0,0,0,0,0
2017-11-18 07:27:11.552675,7.92,55,55,0,0.1439738229,0,0,0,0,0,0
